[     312ms] [WARNING] Failed parsing 'srcset' attribute value since it has an unknown descriptor. @ :0
[     312ms] [WARNING] Dropped srcset candidate "https://d2aea4j8cd78rk.cloudfront.net/images/65f160ec52799b9600c4930e_Home" @ :0
[     312ms] [WARNING] Failed parsing 'srcset' attribute value since it has an unknown descriptor. @ :0
[     312ms] [WARNING] Dropped srcset candidate "https://d2aea4j8cd78rk.cloudfront.net/images/65f160ec52799b9600c4930e_Home" @ :0
[     312ms] [WARNING] Failed parsing 'srcset' attribute value since it has an unknown descriptor. @ :0
[     312ms] [WARNING] Dropped srcset candidate "https://d2aea4j8cd78rk.cloudfront.net/images/65f15f3752799b9600c44d1f_Pet" @ :0
[     313ms] [WARNING] Failed parsing 'srcset' attribute value since it has an unknown descriptor. @ :0
[     313ms] [WARNING] Dropped srcset candidate "https://d2aea4j8cd78rk.cloudfront.net/images/65f15f3752799b9600c44d1f_Pet" @ :0
[     313ms] [WARNING] Failed parsing 'srcset' attribute value since it has an unknown descriptor. @ :0
[     313ms] [WARNING] Dropped srcset candidate "https://d2aea4j8cd78rk.cloudfront.net/images/65f15fc7733cb673c8908cc1_Beauty" @ :0
[     313ms] [WARNING] Failed parsing 'srcset' attribute value since it has an unknown descriptor. @ :0
[     313ms] [WARNING] Dropped srcset candidate "https://d2aea4j8cd78rk.cloudfront.net/images/65f15fc7733cb673c8908cc1_Beauty" @ :0
[     313ms] [WARNING] Failed parsing 'srcset' attribute value since it has an unknown descriptor. @ :0
[     313ms] [WARNING] Dropped srcset candidate "https://d2aea4j8cd78rk.cloudfront.net/images/65f1610a52799b9600c4b5fc_Office" @ :0
[     313ms] [WARNING] Failed parsing 'srcset' attribute value since it has an unknown descriptor. @ :0
[     313ms] [WARNING] Dropped srcset candidate "https://d2aea4j8cd78rk.cloudfront.net/images/65f1610a52799b9600c4b5fc_Office" @ :0
[     780ms] [ERROR] Failed to load resource: the server responded with a status of 400 () @ https://dev.shwapno.com/api/checkout?expressDelivery=false:0
[     784ms] [LOG] {errors: Array(1), validationErrors: Object} @ https://dev.shwapno.com/_next/static/chunks/30muw72tkujsv.js:21
[    1315ms] [ERROR] Failed to load resource: the server responded with a status of 403 () @ https://accounts.google.com/gsi/button?type=standard&theme=outline&size=large&text=signin&shape=pill&logo_alignment=undefined&width=undefined&locale=undefined&click_listener=undefined&is_fedcm_supported=true&client_id=97466488897-pj7liv8t95arra8che9apossbk9bo6ia.apps.googleusercontent.com&iframe_id=gsi_867153_498045&cas=kr8fPlqED8NeGDVRkSAtCeofuxy7PDzzwYMfLuL%2BRW4:0
[    1959ms] [ERROR] [GSI_LOGGER]: The given client ID is not found. @ https://ssl.gstatic.com/_/gsi/_/js/k=gsi.gsi.bn.JJPwA7qbTQk.O/am=AAAAAAQB2CQI/d=1/rs=AF0KOtWFBil1CPV0-bPnMdEgI3u0--nVcg/m=credential_button_library:87
[    4968ms] [WARNING] The resource https://dev.shwapno.com/_next/static/chunks/2ioz5ymwh-vgl.css was preloaded using link preload but not used within a few seconds from the window's load event. Please make sure it has an appropriate `as` value and it is preloaded intentionally. @ https://dev.shwapno.com/:0
[    4969ms] [WARNING] The resource https://dev.shwapno.com/_next/static/chunks/17dfau7ziuf__.css was preloaded using link preload but not used within a few seconds from the window's load event. Please make sure it has an appropriate `as` value and it is preloaded intentionally. @ https://dev.shwapno.com/:0
[    7520ms] [WARNING] Failed parsing 'srcset' attribute value since it has an unknown descriptor. @ https://dev.shwapno.com/_next/static/chunks/3jcs3_vbp6pk4.js:0
[    7520ms] [WARNING] Dropped srcset candidate "https://d2aea4j8cd78rk.cloudfront.net/images/68383cec48709a7fcc60927d_20250529_1654_Manufacturer" @ https://dev.shwapno.com/_next/static/chunks/3jcs3_vbp6pk4.js:0
[    7520ms] [WARNING] Failed parsing 'srcset' attribute value since it has an unknown descriptor. @ https://dev.shwapno.com/_next/static/chunks/3jcs3_vbp6pk4.js:0
[    7520ms] [WARNING] Dropped srcset candidate "https://d2aea4j8cd78rk.cloudfront.net/images/68383cec48709a7fcc60927d_20250529_1654_Manufacturer" @ https://dev.shwapno.com/_next/static/chunks/3jcs3_vbp6pk4.js:0
[    7520ms] [WARNING] Failed parsing 'srcset' attribute value since it has an unknown descriptor. @ https://dev.shwapno.com/_next/static/chunks/3jcs3_vbp6pk4.js:0
[    7520ms] [WARNING] Dropped srcset candidate "https://d2aea4j8cd78rk.cloudfront.net/images/68383cec48709a7fcc60927d_20250529_1654_Manufacturer" @ https://dev.shwapno.com/_next/static/chunks/3jcs3_vbp6pk4.js:0
[    7520ms] [WARNING] Failed parsing 'srcset' attribute value since it has an unknown descriptor. @ https://dev.shwapno.com/_next/static/chunks/3jcs3_vbp6pk4.js:0
[    7520ms] [WARNING] Dropped srcset candidate "https://d2aea4j8cd78rk.cloudfront.net/images/68383cec48709a7fcc60927d_20250529_1654_Manufacturer" @ https://dev.shwapno.com/_next/static/chunks/3jcs3_vbp6pk4.js:0
[    7520ms] [WARNING] Failed parsing 'srcset' attribute value since it has an unknown descriptor. @ https://dev.shwapno.com/_next/static/chunks/3jcs3_vbp6pk4.js:0
[    7520ms] [WARNING] Dropped srcset candidate "https://d2aea4j8cd78rk.cloudfront.net/images/68383cec48709a7fcc60927d_20250529_1654_Manufacturer" @ https://dev.shwapno.com/_next/static/chunks/3jcs3_vbp6pk4.js:0
[    7520ms] [WARNING] Failed parsing 'srcset' attribute value since it has an unknown descriptor. @ https://dev.shwapno.com/_next/static/chunks/3jcs3_vbp6pk4.js:0
[    7520ms] [WARNING] Dropped srcset candidate "https://d2aea4j8cd78rk.cloudfront.net/images/68383cec48709a7fcc60927d_20250529_1654_Manufacturer" @ https://dev.shwapno.com/_next/static/chunks/3jcs3_vbp6pk4.js:0
[    7520ms] [WARNING] Failed parsing 'srcset' attribute value since it has an unknown descriptor. @ https://dev.shwapno.com/_next/static/chunks/3jcs3_vbp6pk4.js:0
[    7520ms] [WARNING] Dropped srcset candidate "https://d2aea4j8cd78rk.cloudfront.net/images/68383cec48709a7fcc60927d_20250529_1654_Manufacturer" @ https://dev.shwapno.com/_next/static/chunks/3jcs3_vbp6pk4.js:0
[    7520ms] [WARNING] Failed parsing 'srcset' attribute value since it has an unknown descriptor. @ https://dev.shwapno.com/_next/static/chunks/3jcs3_vbp6pk4.js:0
[    7520ms] [WARNING] Dropped srcset candidate "https://d2aea4j8cd78rk.cloudfront.net/images/68383cec48709a7fcc60927d_20250529_1654_Manufacturer" @ https://dev.shwapno.com/_next/static/chunks/3jcs3_vbp6pk4.js:0
[    7520ms] [WARNING] Failed parsing 'srcset' attribute value since it has an unknown descriptor. @ https://dev.shwapno.com/_next/static/chunks/3jcs3_vbp6pk4.js:0
[    7521ms] [WARNING] Dropped srcset candidate "https://d2aea4j8cd78rk.cloudfront.net/images/68383cec48709a7fcc60927d_20250529_1654_Manufacturer" @ https://dev.shwapno.com/_next/static/chunks/3jcs3_vbp6pk4.js:0
[    7521ms] [WARNING] Failed parsing 'srcset' attribute value since it has an unknown descriptor. @ https://dev.shwapno.com/_next/static/chunks/3jcs3_vbp6pk4.js:0
[    7521ms] [WARNING] Dropped srcset candidate "https://d2aea4j8cd78rk.cloudfront.net/images/68383cec48709a7fcc60927d_20250529_1654_Manufacturer" @ https://dev.shwapno.com/_next/static/chunks/3jcs3_vbp6pk4.js:0
[    7521ms] [WARNING] Failed parsing 'srcset' attribute value since it has an unknown descriptor. @ https://dev.shwapno.com/_next/static/chunks/3jcs3_vbp6pk4.js:0
[    7521ms] [WARNING] Dropped srcset candidate "https://d2aea4j8cd78rk.cloudfront.net/images/68383cec48709a7fcc60927d_20250529_1654_Manufacturer" @ https://dev.shwapno.com/_next/static/chunks/3jcs3_vbp6pk4.js:0
[    7521ms] [WARNING] Failed parsing 'srcset' attribute value since it has an unknown descriptor. @ https://dev.shwapno.com/_next/static/chunks/3jcs3_vbp6pk4.js:0
[    7521ms] [WARNING] Dropped srcset candidate "https://d2aea4j8cd78rk.cloudfront.net/images/68383cec48709a7fcc60927d_20250529_1654_Manufacturer" @ https://dev.shwapno.com/_next/static/chunks/3jcs3_vbp6pk4.js:0
[    7522ms] [WARNING] Failed parsing 'srcset' attribute value since it has an unknown descriptor. @ https://dev.shwapno.com/_next/static/chunks/3jcs3_vbp6pk4.js:0
[    7522ms] [WARNING] Dropped srcset candidate "https://d2aea4j8cd78rk.cloudfront.net/images/68383d9448709a7fcc609378_20250529_1656_Custom" @ https://dev.shwapno.com/_next/static/chunks/3jcs3_vbp6pk4.js:0
[    7523ms] [WARNING] Failed parsing 'srcset' attribute value since it has an unknown descriptor. @ https://dev.shwapno.com/_next/static/chunks/3jcs3_vbp6pk4.js:0
[    7523ms] [WARNING] Dropped srcset candidate "https://d2aea4j8cd78rk.cloudfront.net/images/68383d9448709a7fcc609378_20250529_1656_Custom" @ https://dev.shwapno.com/_next/static/chunks/3jcs3_vbp6pk4.js:0
[    7523ms] [WARNING] Failed parsing 'srcset' attribute value since it has an unknown descriptor. @ https://dev.shwapno.com/_next/static/chunks/3jcs3_vbp6pk4.js:0
[    7523ms] [WARNING] Dropped srcset candidate "https://d2aea4j8cd78rk.cloudfront.net/images/68383d9448709a7fcc609378_20250529_1656_Custom" @ https://dev.shwapno.com/_next/static/chunks/3jcs3_vbp6pk4.js:0
[    7523ms] [WARNING] Failed parsing 'srcset' attribute value since it has an unknown descriptor. @ https://dev.shwapno.com/_next/static/chunks/3jcs3_vbp6pk4.js:0
[    7523ms] [WARNING] Dropped srcset candidate "https://d2aea4j8cd78rk.cloudfront.net/images/68383d9448709a7fcc609378_20250529_1656_Custom" @ https://dev.shwapno.com/_next/static/chunks/3jcs3_vbp6pk4.js:0
[    7523ms] [WARNING] Failed parsing 'srcset' attribute value since it has an unknown descriptor. @ https://dev.shwapno.com/_next/static/chunks/3jcs3_vbp6pk4.js:0
[    7523ms] [WARNING] Dropped srcset candidate "https://d2aea4j8cd78rk.cloudfront.net/images/68383d9448709a7fcc609378_20250529_1656_Custom" @ https://dev.shwapno.com/_next/static/chunks/3jcs3_vbp6pk4.js:0
[    7523ms] [WARNING] Failed parsing 'srcset' attribute value since it has an unknown descriptor. @ https://dev.shwapno.com/_next/static/chunks/3jcs3_vbp6pk4.js:0
[    7523ms] [WARNING] Dropped srcset candidate "https://d2aea4j8cd78rk.cloudfront.net/images/68383d9448709a7fcc609378_20250529_1656_Custom" @ https://dev.shwapno.com/_next/static/chunks/3jcs3_vbp6pk4.js:0
[    7523ms] [WARNING] Failed parsing 'srcset' attribute value since it has an unknown descriptor. @ https://dev.shwapno.com/_next/static/chunks/3jcs3_vbp6pk4.js:0
[    7523ms] [WARNING] Dropped srcset candidate "https://d2aea4j8cd78rk.cloudfront.net/images/68383d9448709a7fcc609378_20250529_1656_Custom" @ https://dev.shwapno.com/_next/static/chunks/3jcs3_vbp6pk4.js:0
[    7523ms] [WARNING] Failed parsing 'srcset' attribute value since it has an unknown descriptor. @ https://dev.shwapno.com/_next/static/chunks/3jcs3_vbp6pk4.js:0
[    7523ms] [WARNING] Dropped srcset candidate "https://d2aea4j8cd78rk.cloudfront.net/images/68383d9448709a7fcc609378_20250529_1656_Custom" @ https://dev.shwapno.com/_next/static/chunks/3jcs3_vbp6pk4.js:0
[    7523ms] [WARNING] Failed parsing 'srcset' attribute value since it has an unknown descriptor. @ https://dev.shwapno.com/_next/static/chunks/3jcs3_vbp6pk4.js:0
[    7523ms] [WARNING] Dropped srcset candidate "https://d2aea4j8cd78rk.cloudfront.net/images/68383d9448709a7fcc609378_20250529_1656_Custom" @ https://dev.shwapno.com/_next/static/chunks/3jcs3_vbp6pk4.js:0
[    7523ms] [WARNING] Failed parsing 'srcset' attribute value since it has an unknown descriptor. @ https://dev.shwapno.com/_next/static/chunks/3jcs3_vbp6pk4.js:0
[    7523ms] [WARNING] Dropped srcset candidate "https://d2aea4j8cd78rk.cloudfront.net/images/68383d9448709a7fcc609378_20250529_1656_Custom" @ https://dev.shwapno.com/_next/static/chunks/3jcs3_vbp6pk4.js:0
[    7524ms] [WARNING] Failed parsing 'srcset' attribute value since it has an unknown descriptor. @ https://dev.shwapno.com/_next/static/chunks/3jcs3_vbp6pk4.js:0
[    7524ms] [WARNING] Dropped srcset candidate "https://d2aea4j8cd78rk.cloudfront.net/images/68383d9448709a7fcc609378_20250529_1656_Custom" @ https://dev.shwapno.com/_next/static/chunks/3jcs3_vbp6pk4.js:0
[    7524ms] [WARNING] Failed parsing 'srcset' attribute value since it has an unknown descriptor. @ https://dev.shwapno.com/_next/static/chunks/3jcs3_vbp6pk4.js:0
[    7524ms] [WARNING] Dropped srcset candidate "https://d2aea4j8cd78rk.cloudfront.net/images/68383d9448709a7fcc609378_20250529_1656_Custom" @ https://dev.shwapno.com/_next/static/chunks/3jcs3_vbp6pk4.js:0
[    7524ms] [WARNING] Failed parsing 'srcset' attribute value since it has an unknown descriptor. @ https://dev.shwapno.com/_next/static/chunks/3jcs3_vbp6pk4.js:0
[    7524ms] [WARNING] Dropped srcset candidate "https://d2aea4j8cd78rk.cloudfront.net/images/68383e7148709a7fcc6094cb_20250529_1700_Food" @ https://dev.shwapno.com/_next/static/chunks/3jcs3_vbp6pk4.js:0
[    7524ms] [WARNING] Failed parsing 'srcset' attribute value since it has an unknown descriptor. @ https://dev.shwapno.com/_next/static/chunks/3jcs3_vbp6pk4.js:0
[    7524ms] [WARNING] Dropped srcset candidate "https://d2aea4j8cd78rk.cloudfront.net/images/68383e7148709a7fcc6094cb_20250529_1700_Food" @ https://dev.shwapno.com/_next/static/chunks/3jcs3_vbp6pk4.js:0
[    7524ms] [WARNING] Failed parsing 'srcset' attribute value since it has an unknown descriptor. @ https://dev.shwapno.com/_next/static/chunks/3jcs3_vbp6pk4.js:0
[    7524ms] [WARNING] Dropped srcset candidate "https://d2aea4j8cd78rk.cloudfront.net/images/68383e7148709a7fcc6094cb_20250529_1700_Food" @ https://dev.shwapno.com/_next/static/chunks/3jcs3_vbp6pk4.js:0
[    7525ms] [WARNING] Failed parsing 'srcset' attribute value since it has an unknown descriptor. @ https://dev.shwapno.com/_next/static/chunks/3jcs3_vbp6pk4.js:0
[    7525ms] [WARNING] Dropped srcset candidate "https://d2aea4j8cd78rk.cloudfront.net/images/68383e7148709a7fcc6094cb_20250529_1700_Food" @ https://dev.shwapno.com/_next/static/chunks/3jcs3_vbp6pk4.js:0
[    7525ms] [WARNING] Failed parsing 'srcset' attribute value since it has an unknown descriptor. @ https://dev.shwapno.com/_next/static/chunks/3jcs3_vbp6pk4.js:0
[    7525ms] [WARNING] Dropped srcset candidate "https://d2aea4j8cd78rk.cloudfront.net/images/68383e7148709a7fcc6094cb_20250529_1700_Food" @ https://dev.shwapno.com/_next/static/chunks/3jcs3_vbp6pk4.js:0
[    7525ms] [WARNING] Failed parsing 'srcset' attribute value since it has an unknown descriptor. @ https://dev.shwapno.com/_next/static/chunks/3jcs3_vbp6pk4.js:0
[    7525ms] [WARNING] Dropped srcset candidate "https://d2aea4j8cd78rk.cloudfront.net/images/68383e7148709a7fcc6094cb_20250529_1700_Food" @ https://dev.shwapno.com/_next/static/chunks/3jcs3_vbp6pk4.js:0
[    7525ms] [WARNING] Failed parsing 'srcset' attribute value since it has an unknown descriptor. @ https://dev.shwapno.com/_next/static/chunks/3jcs3_vbp6pk4.js:0
[    7525ms] [WARNING] Dropped srcset candidate "https://d2aea4j8cd78rk.cloudfront.net/images/68383e7148709a7fcc6094cb_20250529_1700_Food" @ https://dev.shwapno.com/_next/static/chunks/3jcs3_vbp6pk4.js:0
[    7525ms] [WARNING] Failed parsing 'srcset' attribute value since it has an unknown descriptor. @ https://dev.shwapno.com/_next/static/chunks/3jcs3_vbp6pk4.js:0
[    7525ms] [WARNING] Dropped srcset candidate "https://d2aea4j8cd78rk.cloudfront.net/images/68383e7148709a7fcc6094cb_20250529_1700_Food" @ https://dev.shwapno.com/_next/static/chunks/3jcs3_vbp6pk4.js:0
[    7525ms] [WARNING] Failed parsing 'srcset' attribute value since it has an unknown descriptor. @ https://dev.shwapno.com/_next/static/chunks/3jcs3_vbp6pk4.js:0
[    7525ms] [WARNING] Dropped srcset candidate "https://d2aea4j8cd78rk.cloudfront.net/images/68383e7148709a7fcc6094cb_20250529_1700_Food" @ https://dev.shwapno.com/_next/static/chunks/3jcs3_vbp6pk4.js:0
[    7525ms] [WARNING] Failed parsing 'srcset' attribute value since it has an unknown descriptor. @ https://dev.shwapno.com/_next/static/chunks/3jcs3_vbp6pk4.js:0
[    7525ms] [WARNING] Dropped srcset candidate "https://d2aea4j8cd78rk.cloudfront.net/images/68383e7148709a7fcc6094cb_20250529_1700_Food" @ https://dev.shwapno.com/_next/static/chunks/3jcs3_vbp6pk4.js:0
[    7525ms] [WARNING] Failed parsing 'srcset' attribute value since it has an unknown descriptor. @ https://dev.shwapno.com/_next/static/chunks/3jcs3_vbp6pk4.js:0
[    7525ms] [WARNING] Dropped srcset candidate "https://d2aea4j8cd78rk.cloudfront.net/images/68383e7148709a7fcc6094cb_20250529_1700_Food" @ https://dev.shwapno.com/_next/static/chunks/3jcs3_vbp6pk4.js:0
[    7525ms] [WARNING] Failed parsing 'srcset' attribute value since it has an unknown descriptor. @ https://dev.shwapno.com/_next/static/chunks/3jcs3_vbp6pk4.js:0
[    7525ms] [WARNING] Dropped srcset candidate "https://d2aea4j8cd78rk.cloudfront.net/images/68383e7148709a7fcc6094cb_20250529_1700_Food" @ https://dev.shwapno.com/_next/static/chunks/3jcs3_vbp6pk4.js:0
[    7526ms] [WARNING] Failed parsing 'srcset' attribute value since it has an unknown descriptor. @ https://dev.shwapno.com/_next/static/chunks/3jcs3_vbp6pk4.js:0
[    7526ms] [WARNING] Dropped srcset candidate "https://d2aea4j8cd78rk.cloudfront.net/images/68383f1648709a7fcc60aedf_20250529_1703_Food" @ https://dev.shwapno.com/_next/static/chunks/3jcs3_vbp6pk4.js:0
[    7526ms] [WARNING] Failed parsing 'srcset' attribute value since it has an unknown descriptor. @ https://dev.shwapno.com/_next/static/chunks/3jcs3_vbp6pk4.js:0
[    7526ms] [WARNING] Dropped srcset candidate "https://d2aea4j8cd78rk.cloudfront.net/images/68383f1648709a7fcc60aedf_20250529_1703_Food" @ https://dev.shwapno.com/_next/static/chunks/3jcs3_vbp6pk4.js:0
[    7526ms] [WARNING] Failed parsing 'srcset' attribute value since it has an unknown descriptor. @ https://dev.shwapno.com/_next/static/chunks/3jcs3_vbp6pk4.js:0
[    7526ms] [WARNING] Dropped srcset candidate "https://d2aea4j8cd78rk.cloudfront.net/images/68383f1648709a7fcc60aedf_20250529_1703_Food" @ https://dev.shwapno.com/_next/static/chunks/3jcs3_vbp6pk4.js:0
[    7526ms] [WARNING] Failed parsing 'srcset' attribute value since it has an unknown descriptor. @ https://dev.shwapno.com/_next/static/chunks/3jcs3_vbp6pk4.js:0
[    7526ms] [WARNING] Dropped srcset candidate "https://d2aea4j8cd78rk.cloudfront.net/images/68383f1648709a7fcc60aedf_20250529_1703_Food" @ https://dev.shwapno.com/_next/static/chunks/3jcs3_vbp6pk4.js:0
[    7526ms] [WARNING] Failed parsing 'srcset' attribute value since it has an unknown descriptor. @ https://dev.shwapno.com/_next/static/chunks/3jcs3_vbp6pk4.js:0
[    7526ms] [WARNING] Dropped srcset candidate "https://d2aea4j8cd78rk.cloudfront.net/images/68383f1648709a7fcc60aedf_20250529_1703_Food" @ https://dev.shwapno.com/_next/static/chunks/3jcs3_vbp6pk4.js:0
[    7526ms] [WARNING] Failed parsing 'srcset' attribute value since it has an unknown descriptor. @ https://dev.shwapno.com/_next/static/chunks/3jcs3_vbp6pk4.js:0
[    7526ms] [WARNING] Dropped srcset candidate "https://d2aea4j8cd78rk.cloudfront.net/images/68383f1648709a7fcc60aedf_20250529_1703_Food" @ https://dev.shwapno.com/_next/static/chunks/3jcs3_vbp6pk4.js:0
[    7526ms] [WARNING] Failed parsing 'srcset' attribute value since it has an unknown descriptor. @ https://dev.shwapno.com/_next/static/chunks/3jcs3_vbp6pk4.js:0
[    7526ms] [WARNING] Dropped srcset candidate "https://d2aea4j8cd78rk.cloudfront.net/images/68383f1648709a7fcc60aedf_20250529_1703_Food" @ https://dev.shwapno.com/_next/static/chunks/3jcs3_vbp6pk4.js:0
[    7526ms] [WARNING] Failed parsing 'srcset' attribute value since it has an unknown descriptor. @ https://dev.shwapno.com/_next/static/chunks/3jcs3_vbp6pk4.js:0
[    7526ms] [WARNING] Dropped srcset candidate "https://d2aea4j8cd78rk.cloudfront.net/images/68383f1648709a7fcc60aedf_20250529_1703_Food" @ https://dev.shwapno.com/_next/static/chunks/3jcs3_vbp6pk4.js:0
[    7526ms] [WARNING] Failed parsing 'srcset' attribute value since it has an unknown descriptor. @ https://dev.shwapno.com/_next/static/chunks/3jcs3_vbp6pk4.js:0
[    7527ms] [WARNING] Dropped srcset candidate "https://d2aea4j8cd78rk.cloudfront.net/images/68383f1648709a7fcc60aedf_20250529_1703_Food" @ https://dev.shwapno.com/_next/static/chunks/3jcs3_vbp6pk4.js:0
[    7527ms] [WARNING] Failed parsing 'srcset' attribute value since it has an unknown descriptor. @ https://dev.shwapno.com/_next/static/chunks/3jcs3_vbp6pk4.js:0
[    7527ms] [WARNING] Dropped srcset candidate "https://d2aea4j8cd78rk.cloudfront.net/images/68383f1648709a7fcc60aedf_20250529_1703_Food" @ https://dev.shwapno.com/_next/static/chunks/3jcs3_vbp6pk4.js:0
[    7527ms] [WARNING] Failed parsing 'srcset' attribute value since it has an unknown descriptor. @ https://dev.shwapno.com/_next/static/chunks/3jcs3_vbp6pk4.js:0
[    7527ms] [WARNING] Dropped srcset candidate "https://d2aea4j8cd78rk.cloudfront.net/images/68383f1648709a7fcc60aedf_20250529_1703_Food" @ https://dev.shwapno.com/_next/static/chunks/3jcs3_vbp6pk4.js:0
[    7527ms] [WARNING] Failed parsing 'srcset' attribute value since it has an unknown descriptor. @ https://dev.shwapno.com/_next/static/chunks/3jcs3_vbp6pk4.js:0
[    7527ms] [WARNING] Dropped srcset candidate "https://d2aea4j8cd78rk.cloudfront.net/images/68383f1648709a7fcc60aedf_20250529_1703_Food" @ https://dev.shwapno.com/_next/static/chunks/3jcs3_vbp6pk4.js:0
[    7528ms] [WARNING] Failed parsing 'srcset' attribute value since it has an unknown descriptor. @ https://dev.shwapno.com/_next/static/chunks/3jcs3_vbp6pk4.js:0
[    7528ms] [WARNING] Dropped srcset candidate "https://d2aea4j8cd78rk.cloudfront.net/images/68383fc848709a7fcc60b0d7_20250529_1706_Background" @ https://dev.shwapno.com/_next/static/chunks/3jcs3_vbp6pk4.js:0
[    7528ms] [WARNING] Failed parsing 'srcset' attribute value since it has an unknown descriptor. @ https://dev.shwapno.com/_next/static/chunks/3jcs3_vbp6pk4.js:0
[    7528ms] [WARNING] Dropped srcset candidate "https://d2aea4j8cd78rk.cloudfront.net/images/68383fc848709a7fcc60b0d7_20250529_1706_Background" @ https://dev.shwapno.com/_next/static/chunks/3jcs3_vbp6pk4.js:0
[    7528ms] [WARNING] Failed parsing 'srcset' attribute value since it has an unknown descriptor. @ https://dev.shwapno.com/_next/static/chunks/3jcs3_vbp6pk4.js:0
[    7528ms] [WARNING] Dropped srcset candidate "https://d2aea4j8cd78rk.cloudfront.net/images/68383fc848709a7fcc60b0d7_20250529_1706_Background" @ https://dev.shwapno.com/_next/static/chunks/3jcs3_vbp6pk4.js:0
[    7528ms] [WARNING] Failed parsing 'srcset' attribute value since it has an unknown descriptor. @ https://dev.shwapno.com/_next/static/chunks/3jcs3_vbp6pk4.js:0
[    7528ms] [WARNING] Dropped srcset candidate "https://d2aea4j8cd78rk.cloudfront.net/images/68383fc848709a7fcc60b0d7_20250529_1706_Background" @ https://dev.shwapno.com/_next/static/chunks/3jcs3_vbp6pk4.js:0
[    7528ms] [WARNING] Failed parsing 'srcset' attribute value since it has an unknown descriptor. @ https://dev.shwapno.com/_next/static/chunks/3jcs3_vbp6pk4.js:0
[    7528ms] [WARNING] Dropped srcset candidate "https://d2aea4j8cd78rk.cloudfront.net/images/68383fc848709a7fcc60b0d7_20250529_1706_Background" @ https://dev.shwapno.com/_next/static/chunks/3jcs3_vbp6pk4.js:0
[    7528ms] [WARNING] Failed parsing 'srcset' attribute value since it has an unknown descriptor. @ https://dev.shwapno.com/_next/static/chunks/3jcs3_vbp6pk4.js:0
[    7528ms] [WARNING] Dropped srcset candidate "https://d2aea4j8cd78rk.cloudfront.net/images/68383fc848709a7fcc60b0d7_20250529_1706_Background" @ https://dev.shwapno.com/_next/static/chunks/3jcs3_vbp6pk4.js:0
[    7528ms] [WARNING] Failed parsing 'srcset' attribute value since it has an unknown descriptor. @ https://dev.shwapno.com/_next/static/chunks/3jcs3_vbp6pk4.js:0
[    7528ms] [WARNING] Dropped srcset candidate "https://d2aea4j8cd78rk.cloudfront.net/images/68383fc848709a7fcc60b0d7_20250529_1706_Background" @ https://dev.shwapno.com/_next/static/chunks/3jcs3_vbp6pk4.js:0
[    7528ms] [WARNING] Failed parsing 'srcset' attribute value since it has an unknown descriptor. @ https://dev.shwapno.com/_next/static/chunks/3jcs3_vbp6pk4.js:0
[    7528ms] [WARNING] Dropped srcset candidate "https://d2aea4j8cd78rk.cloudfront.net/images/68383fc848709a7fcc60b0d7_20250529_1706_Background" @ https://dev.shwapno.com/_next/static/chunks/3jcs3_vbp6pk4.js:0
[    7528ms] [WARNING] Failed parsing 'srcset' attribute value since it has an unknown descriptor. @ https://dev.shwapno.com/_next/static/chunks/3jcs3_vbp6pk4.js:0
[    7528ms] [WARNING] Dropped srcset candidate "https://d2aea4j8cd78rk.cloudfront.net/images/68383fc848709a7fcc60b0d7_20250529_1706_Background" @ https://dev.shwapno.com/_next/static/chunks/3jcs3_vbp6pk4.js:0
[    7528ms] [WARNING] Failed parsing 'srcset' attribute value since it has an unknown descriptor. @ https://dev.shwapno.com/_next/static/chunks/3jcs3_vbp6pk4.js:0
[    7528ms] [WARNING] Dropped srcset candidate "https://d2aea4j8cd78rk.cloudfront.net/images/68383fc848709a7fcc60b0d7_20250529_1706_Background" @ https://dev.shwapno.com/_next/static/chunks/3jcs3_vbp6pk4.js:0
[    7529ms] [WARNING] Failed parsing 'srcset' attribute value since it has an unknown descriptor. @ https://dev.shwapno.com/_next/static/chunks/3jcs3_vbp6pk4.js:0
[    7529ms] [WARNING] Dropped srcset candidate "https://d2aea4j8cd78rk.cloudfront.net/images/68383fc848709a7fcc60b0d7_20250529_1706_Background" @ https://dev.shwapno.com/_next/static/chunks/3jcs3_vbp6pk4.js:0
[    7529ms] [WARNING] Failed parsing 'srcset' attribute value since it has an unknown descriptor. @ https://dev.shwapno.com/_next/static/chunks/3jcs3_vbp6pk4.js:0
[    7529ms] [WARNING] Dropped srcset candidate "https://d2aea4j8cd78rk.cloudfront.net/images/68383fc848709a7fcc60b0d7_20250529_1706_Background" @ https://dev.shwapno.com/_next/static/chunks/3jcs3_vbp6pk4.js:0
[    7529ms] [WARNING] Failed parsing 'srcset' attribute value since it has an unknown descriptor. @ https://dev.shwapno.com/_next/static/chunks/3jcs3_vbp6pk4.js:0
[    7529ms] [WARNING] Dropped srcset candidate "https://d2aea4j8cd78rk.cloudfront.net/images/6838405b48709a7fcc60b293_20250529_1708_Nature" @ https://dev.shwapno.com/_next/static/chunks/3jcs3_vbp6pk4.js:0
[    7529ms] [WARNING] Failed parsing 'srcset' attribute value since it has an unknown descriptor. @ https://dev.shwapno.com/_next/static/chunks/3jcs3_vbp6pk4.js:0
[    7529ms] [WARNING] Dropped srcset candidate "https://d2aea4j8cd78rk.cloudfront.net/images/6838405b48709a7fcc60b293_20250529_1708_Nature" @ https://dev.shwapno.com/_next/static/chunks/3jcs3_vbp6pk4.js:0
[    7529ms] [WARNING] Failed parsing 'srcset' attribute value since it has an unknown descriptor. @ https://dev.shwapno.com/_next/static/chunks/3jcs3_vbp6pk4.js:0
[    7529ms] [WARNING] Dropped srcset candidate "https://d2aea4j8cd78rk.cloudfront.net/images/6838405b48709a7fcc60b293_20250529_1708_Nature" @ https://dev.shwapno.com/_next/static/chunks/3jcs3_vbp6pk4.js:0
[    7529ms] [WARNING] Failed parsing 'srcset' attribute value since it has an unknown descriptor. @ https://dev.shwapno.com/_next/static/chunks/3jcs3_vbp6pk4.js:0
[    7529ms] [WARNING] Dropped srcset candidate "https://d2aea4j8cd78rk.cloudfront.net/images/6838405b48709a7fcc60b293_20250529_1708_Nature" @ https://dev.shwapno.com/_next/static/chunks/3jcs3_vbp6pk4.js:0
[    7529ms] [WARNING] Failed parsing 'srcset' attribute value since it has an unknown descriptor. @ https://dev.shwapno.com/_next/static/chunks/3jcs3_vbp6pk4.js:0
[    7529ms] [WARNING] Dropped srcset candidate "https://d2aea4j8cd78rk.cloudfront.net/images/6838405b48709a7fcc60b293_20250529_1708_Nature" @ https://dev.shwapno.com/_next/static/chunks/3jcs3_vbp6pk4.js:0
[    7529ms] [WARNING] Failed parsing 'srcset' attribute value since it has an unknown descriptor. @ https://dev.shwapno.com/_next/static/chunks/3jcs3_vbp6pk4.js:0
[    7529ms] [WARNING] Dropped srcset candidate "https://d2aea4j8cd78rk.cloudfront.net/images/6838405b48709a7fcc60b293_20250529_1708_Nature" @ https://dev.shwapno.com/_next/static/chunks/3jcs3_vbp6pk4.js:0
[    7530ms] [WARNING] Failed parsing 'srcset' attribute value since it has an unknown descriptor. @ https://dev.shwapno.com/_next/static/chunks/3jcs3_vbp6pk4.js:0
[    7530ms] [WARNING] Dropped srcset candidate "https://d2aea4j8cd78rk.cloudfront.net/images/6838405b48709a7fcc60b293_20250529_1708_Nature" @ https://dev.shwapno.com/_next/static/chunks/3jcs3_vbp6pk4.js:0
[    7530ms] [WARNING] Failed parsing 'srcset' attribute value since it has an unknown descriptor. @ https://dev.shwapno.com/_next/static/chunks/3jcs3_vbp6pk4.js:0
[    7530ms] [WARNING] Dropped srcset candidate "https://d2aea4j8cd78rk.cloudfront.net/images/6838405b48709a7fcc60b293_20250529_1708_Nature" @ https://dev.shwapno.com/_next/static/chunks/3jcs3_vbp6pk4.js:0
[    7530ms] [WARNING] Failed parsing 'srcset' attribute value since it has an unknown descriptor. @ https://dev.shwapno.com/_next/static/chunks/3jcs3_vbp6pk4.js:0
[    7530ms] [WARNING] Dropped srcset candidate "https://d2aea4j8cd78rk.cloudfront.net/images/6838405b48709a7fcc60b293_20250529_1708_Nature" @ https://dev.shwapno.com/_next/static/chunks/3jcs3_vbp6pk4.js:0
[    7530ms] [WARNING] Failed parsing 'srcset' attribute value since it has an unknown descriptor. @ https://dev.shwapno.com/_next/static/chunks/3jcs3_vbp6pk4.js:0
[    7530ms] [WARNING] Dropped srcset candidate "https://d2aea4j8cd78rk.cloudfront.net/images/6838405b48709a7fcc60b293_20250529_1708_Nature" @ https://dev.shwapno.com/_next/static/chunks/3jcs3_vbp6pk4.js:0
[    7530ms] [WARNING] Failed parsing 'srcset' attribute value since it has an unknown descriptor. @ https://dev.shwapno.com/_next/static/chunks/3jcs3_vbp6pk4.js:0
[    7530ms] [WARNING] Dropped srcset candidate "https://d2aea4j8cd78rk.cloudfront.net/images/6838405b48709a7fcc60b293_20250529_1708_Nature" @ https://dev.shwapno.com/_next/static/chunks/3jcs3_vbp6pk4.js:0
[    7530ms] [WARNING] Failed parsing 'srcset' attribute value since it has an unknown descriptor. @ https://dev.shwapno.com/_next/static/chunks/3jcs3_vbp6pk4.js:0
[    7530ms] [WARNING] Dropped srcset candidate "https://d2aea4j8cd78rk.cloudfront.net/images/6838405b48709a7fcc60b293_20250529_1708_Nature" @ https://dev.shwapno.com/_next/static/chunks/3jcs3_vbp6pk4.js:0
[    7530ms] [WARNING] Failed parsing 'srcset' attribute value since it has an unknown descriptor. @ https://dev.shwapno.com/_next/static/chunks/3jcs3_vbp6pk4.js:0
[    7530ms] [WARNING] Dropped srcset candidate "https://d2aea4j8cd78rk.cloudfront.net/images/6838418d48709a7fcc60b401_20250529_1714_E-commerce" @ https://dev.shwapno.com/_next/static/chunks/3jcs3_vbp6pk4.js:0
[    7531ms] [WARNING] Failed parsing 'srcset' attribute value since it has an unknown descriptor. @ https://dev.shwapno.com/_next/static/chunks/3jcs3_vbp6pk4.js:0
[    7531ms] [WARNING] Dropped srcset candidate "https://d2aea4j8cd78rk.cloudfront.net/images/6838418d48709a7fcc60b401_20250529_1714_E-commerce" @ https://dev.shwapno.com/_next/static/chunks/3jcs3_vbp6pk4.js:0
[    7531ms] [WARNING] Failed parsing 'srcset' attribute value since it has an unknown descriptor. @ https://dev.shwapno.com/_next/static/chunks/3jcs3_vbp6pk4.js:0
[    7531ms] [WARNING] Dropped srcset candidate "https://d2aea4j8cd78rk.cloudfront.net/images/6838418d48709a7fcc60b401_20250529_1714_E-commerce" @ https://dev.shwapno.com/_next/static/chunks/3jcs3_vbp6pk4.js:0
[    7531ms] [WARNING] Failed parsing 'srcset' attribute value since it has an unknown descriptor. @ https://dev.shwapno.com/_next/static/chunks/3jcs3_vbp6pk4.js:0
[    7531ms] [WARNING] Dropped srcset candidate "https://d2aea4j8cd78rk.cloudfront.net/images/6838418d48709a7fcc60b401_20250529_1714_E-commerce" @ https://dev.shwapno.com/_next/static/chunks/3jcs3_vbp6pk4.js:0
[    7531ms] [WARNING] Failed parsing 'srcset' attribute value since it has an unknown descriptor. @ https://dev.shwapno.com/_next/static/chunks/3jcs3_vbp6pk4.js:0
[    7531ms] [WARNING] Dropped srcset candidate "https://d2aea4j8cd78rk.cloudfront.net/images/6838418d48709a7fcc60b401_20250529_1714_E-commerce" @ https://dev.shwapno.com/_next/static/chunks/3jcs3_vbp6pk4.js:0
[    7531ms] [WARNING] Failed parsing 'srcset' attribute value since it has an unknown descriptor. @ https://dev.shwapno.com/_next/static/chunks/3jcs3_vbp6pk4.js:0
[    7531ms] [WARNING] Dropped srcset candidate "https://d2aea4j8cd78rk.cloudfront.net/images/6838418d48709a7fcc60b401_20250529_1714_E-commerce" @ https://dev.shwapno.com/_next/static/chunks/3jcs3_vbp6pk4.js:0
[    7531ms] [WARNING] Failed parsing 'srcset' attribute value since it has an unknown descriptor. @ https://dev.shwapno.com/_next/static/chunks/3jcs3_vbp6pk4.js:0
[    7531ms] [WARNING] Dropped srcset candidate "https://d2aea4j8cd78rk.cloudfront.net/images/6838418d48709a7fcc60b401_20250529_1714_E-commerce" @ https://dev.shwapno.com/_next/static/chunks/3jcs3_vbp6pk4.js:0
[    7531ms] [WARNING] Failed parsing 'srcset' attribute value since it has an unknown descriptor. @ https://dev.shwapno.com/_next/static/chunks/3jcs3_vbp6pk4.js:0
[    7531ms] [WARNING] Dropped srcset candidate "https://d2aea4j8cd78rk.cloudfront.net/images/6838418d48709a7fcc60b401_20250529_1714_E-commerce" @ https://dev.shwapno.com/_next/static/chunks/3jcs3_vbp6pk4.js:0
[    7531ms] [WARNING] Failed parsing 'srcset' attribute value since it has an unknown descriptor. @ https://dev.shwapno.com/_next/static/chunks/3jcs3_vbp6pk4.js:0
[    7531ms] [WARNING] Dropped srcset candidate "https://d2aea4j8cd78rk.cloudfront.net/images/6838418d48709a7fcc60b401_20250529_1714_E-commerce" @ https://dev.shwapno.com/_next/static/chunks/3jcs3_vbp6pk4.js:0
[    7531ms] [WARNING] Failed parsing 'srcset' attribute value since it has an unknown descriptor. @ https://dev.shwapno.com/_next/static/chunks/3jcs3_vbp6pk4.js:0
[    7531ms] [WARNING] Dropped srcset candidate "https://d2aea4j8cd78rk.cloudfront.net/images/6838418d48709a7fcc60b401_20250529_1714_E-commerce" @ https://dev.shwapno.com/_next/static/chunks/3jcs3_vbp6pk4.js:0
[    7531ms] [WARNING] Failed parsing 'srcset' attribute value since it has an unknown descriptor. @ https://dev.shwapno.com/_next/static/chunks/3jcs3_vbp6pk4.js:0
[    7531ms] [WARNING] Dropped srcset candidate "https://d2aea4j8cd78rk.cloudfront.net/images/6838418d48709a7fcc60b401_20250529_1714_E-commerce" @ https://dev.shwapno.com/_next/static/chunks/3jcs3_vbp6pk4.js:0
[    7531ms] [WARNING] Failed parsing 'srcset' attribute value since it has an unknown descriptor. @ https://dev.shwapno.com/_next/static/chunks/3jcs3_vbp6pk4.js:0
[    7531ms] [WARNING] Dropped srcset candidate "https://d2aea4j8cd78rk.cloudfront.net/images/6838418d48709a7fcc60b401_20250529_1714_E-commerce" @ https://dev.shwapno.com/_next/static/chunks/3jcs3_vbp6pk4.js:0
[    7531ms] [WARNING] Failed parsing 'srcset' attribute value since it has an unknown descriptor. @ https://dev.shwapno.com/_next/static/chunks/3jcs3_vbp6pk4.js:0
[    7532ms] [WARNING] Dropped srcset candidate "https://d2aea4j8cd78rk.cloudfront.net/images/6838422648709a7fcc60b599_20250529_1716_E-commerce" @ https://dev.shwapno.com/_next/static/chunks/3jcs3_vbp6pk4.js:0
[    7532ms] [WARNING] Failed parsing 'srcset' attribute value since it has an unknown descriptor. @ https://dev.shwapno.com/_next/static/chunks/3jcs3_vbp6pk4.js:0
[    7532ms] [WARNING] Dropped srcset candidate "https://d2aea4j8cd78rk.cloudfront.net/images/6838422648709a7fcc60b599_20250529_1716_E-commerce" @ https://dev.shwapno.com/_next/static/chunks/3jcs3_vbp6pk4.js:0
[    7532ms] [WARNING] Failed parsing 'srcset' attribute value since it has an unknown descriptor. @ https://dev.shwapno.com/_next/static/chunks/3jcs3_vbp6pk4.js:0
[    7532ms] [WARNING] Dropped srcset candidate "https://d2aea4j8cd78rk.cloudfront.net/images/6838422648709a7fcc60b599_20250529_1716_E-commerce" @ https://dev.shwapno.com/_next/static/chunks/3jcs3_vbp6pk4.js:0
[    7532ms] [WARNING] Failed parsing 'srcset' attribute value since it has an unknown descriptor. @ https://dev.shwapno.com/_next/static/chunks/3jcs3_vbp6pk4.js:0
[    7532ms] [WARNING] Dropped srcset candidate "https://d2aea4j8cd78rk.cloudfront.net/images/6838422648709a7fcc60b599_20250529_1716_E-commerce" @ https://dev.shwapno.com/_next/static/chunks/3jcs3_vbp6pk4.js:0
[    7532ms] [WARNING] Failed parsing 'srcset' attribute value since it has an unknown descriptor. @ https://dev.shwapno.com/_next/static/chunks/3jcs3_vbp6pk4.js:0
[    7532ms] [WARNING] Dropped srcset candidate "https://d2aea4j8cd78rk.cloudfront.net/images/6838422648709a7fcc60b599_20250529_1716_E-commerce" @ https://dev.shwapno.com/_next/static/chunks/3jcs3_vbp6pk4.js:0
[    7532ms] [WARNING] Failed parsing 'srcset' attribute value since it has an unknown descriptor. @ https://dev.shwapno.com/_next/static/chunks/3jcs3_vbp6pk4.js:0
[    7532ms] [WARNING] Dropped srcset candidate "https://d2aea4j8cd78rk.cloudfront.net/images/6838422648709a7fcc60b599_20250529_1716_E-commerce" @ https://dev.shwapno.com/_next/static/chunks/3jcs3_vbp6pk4.js:0
[    7532ms] [WARNING] Failed parsing 'srcset' attribute value since it has an unknown descriptor. @ https://dev.shwapno.com/_next/static/chunks/3jcs3_vbp6pk4.js:0
[    7532ms] [WARNING] Dropped srcset candidate "https://d2aea4j8cd78rk.cloudfront.net/images/6838422648709a7fcc60b599_20250529_1716_E-commerce" @ https://dev.shwapno.com/_next/static/chunks/3jcs3_vbp6pk4.js:0
[    7532ms] [WARNING] Failed parsing 'srcset' attribute value since it has an unknown descriptor. @ https://dev.shwapno.com/_next/static/chunks/3jcs3_vbp6pk4.js:0
[    7532ms] [WARNING] Dropped srcset candidate "https://d2aea4j8cd78rk.cloudfront.net/images/6838422648709a7fcc60b599_20250529_1716_E-commerce" @ https://dev.shwapno.com/_next/static/chunks/3jcs3_vbp6pk4.js:0
[    7532ms] [WARNING] Failed parsing 'srcset' attribute value since it has an unknown descriptor. @ https://dev.shwapno.com/_next/static/chunks/3jcs3_vbp6pk4.js:0
[    7532ms] [WARNING] Dropped srcset candidate "https://d2aea4j8cd78rk.cloudfront.net/images/6838422648709a7fcc60b599_20250529_1716_E-commerce" @ https://dev.shwapno.com/_next/static/chunks/3jcs3_vbp6pk4.js:0
[    7532ms] [WARNING] Failed parsing 'srcset' attribute value since it has an unknown descriptor. @ https://dev.shwapno.com/_next/static/chunks/3jcs3_vbp6pk4.js:0
[    7532ms] [WARNING] Dropped srcset candidate "https://d2aea4j8cd78rk.cloudfront.net/images/6838422648709a7fcc60b599_20250529_1716_E-commerce" @ https://dev.shwapno.com/_next/static/chunks/3jcs3_vbp6pk4.js:0
[    7532ms] [WARNING] Failed parsing 'srcset' attribute value since it has an unknown descriptor. @ https://dev.shwapno.com/_next/static/chunks/3jcs3_vbp6pk4.js:0
[    7532ms] [WARNING] Dropped srcset candidate "https://d2aea4j8cd78rk.cloudfront.net/images/6838422648709a7fcc60b599_20250529_1716_E-commerce" @ https://dev.shwapno.com/_next/static/chunks/3jcs3_vbp6pk4.js:0
[    7532ms] [WARNING] Failed parsing 'srcset' attribute value since it has an unknown descriptor. @ https://dev.shwapno.com/_next/static/chunks/3jcs3_vbp6pk4.js:0
[    7532ms] [WARNING] Dropped srcset candidate "https://d2aea4j8cd78rk.cloudfront.net/images/6838422648709a7fcc60b599_20250529_1716_E-commerce" @ https://dev.shwapno.com/_next/static/chunks/3jcs3_vbp6pk4.js:0
[    7533ms] [WARNING] Failed parsing 'srcset' attribute value since its 'w' descriptor is invalid. @ https://dev.shwapno.com/_next/static/chunks/3jcs3_vbp6pk4.js:0
[    7533ms] [WARNING] Dropped srcset candidate "https://d2aea4j8cd78rk.cloudfront.net/images/68385f1f7c609990b97a868b_20250529_1718_E-commerce" @ https://dev.shwapno.com/_next/static/chunks/3jcs3_vbp6pk4.js:0
[    7533ms] [WARNING] Failed parsing 'srcset' attribute value since its 'w' descriptor is invalid. @ https://dev.shwapno.com/_next/static/chunks/3jcs3_vbp6pk4.js:0
[    7533ms] [WARNING] Dropped srcset candidate "https://d2aea4j8cd78rk.cloudfront.net/images/68385f1f7c609990b97a868b_20250529_1718_E-commerce" @ https://dev.shwapno.com/_next/static/chunks/3jcs3_vbp6pk4.js:0
[    7533ms] [WARNING] Failed parsing 'srcset' attribute value since its 'w' descriptor is invalid. @ https://dev.shwapno.com/_next/static/chunks/3jcs3_vbp6pk4.js:0
[    7533ms] [WARNING] Dropped srcset candidate "https://d2aea4j8cd78rk.cloudfront.net/images/68385f1f7c609990b97a868b_20250529_1718_E-commerce" @ https://dev.shwapno.com/_next/static/chunks/3jcs3_vbp6pk4.js:0
[    7533ms] [WARNING] Failed parsing 'srcset' attribute value since its 'w' descriptor is invalid. @ https://dev.shwapno.com/_next/static/chunks/3jcs3_vbp6pk4.js:0
[    7533ms] [WARNING] Dropped srcset candidate "https://d2aea4j8cd78rk.cloudfront.net/images/68385f1f7c609990b97a868b_20250529_1718_E-commerce" @ https://dev.shwapno.com/_next/static/chunks/3jcs3_vbp6pk4.js:0
[    7533ms] [WARNING] Failed parsing 'srcset' attribute value since its 'w' descriptor is invalid. @ https://dev.shwapno.com/_next/static/chunks/3jcs3_vbp6pk4.js:0
[    7533ms] [WARNING] Dropped srcset candidate "https://d2aea4j8cd78rk.cloudfront.net/images/68385f1f7c609990b97a868b_20250529_1718_E-commerce" @ https://dev.shwapno.com/_next/static/chunks/3jcs3_vbp6pk4.js:0
[    7533ms] [WARNING] Failed parsing 'srcset' attribute value since its 'w' descriptor is invalid. @ https://dev.shwapno.com/_next/static/chunks/3jcs3_vbp6pk4.js:0
[    7533ms] [WARNING] Dropped srcset candidate "https://d2aea4j8cd78rk.cloudfront.net/images/68385f1f7c609990b97a868b_20250529_1718_E-commerce" @ https://dev.shwapno.com/_next/static/chunks/3jcs3_vbp6pk4.js:0
[    7533ms] [WARNING] Failed parsing 'srcset' attribute value since its 'w' descriptor is invalid. @ https://dev.shwapno.com/_next/static/chunks/3jcs3_vbp6pk4.js:0
[    7533ms] [WARNING] Dropped srcset candidate "https://d2aea4j8cd78rk.cloudfront.net/images/68385f1f7c609990b97a868b_20250529_1718_E-commerce" @ https://dev.shwapno.com/_next/static/chunks/3jcs3_vbp6pk4.js:0
[    7533ms] [WARNING] Failed parsing 'srcset' attribute value since its 'w' descriptor is invalid. @ https://dev.shwapno.com/_next/static/chunks/3jcs3_vbp6pk4.js:0
[    7533ms] [WARNING] Dropped srcset candidate "https://d2aea4j8cd78rk.cloudfront.net/images/68385f1f7c609990b97a868b_20250529_1718_E-commerce" @ https://dev.shwapno.com/_next/static/chunks/3jcs3_vbp6pk4.js:0
[    7533ms] [WARNING] Failed parsing 'srcset' attribute value since its 'w' descriptor is invalid. @ https://dev.shwapno.com/_next/static/chunks/3jcs3_vbp6pk4.js:0
[    7533ms] [WARNING] Dropped srcset candidate "https://d2aea4j8cd78rk.cloudfront.net/images/68385f1f7c609990b97a868b_20250529_1718_E-commerce" @ https://dev.shwapno.com/_next/static/chunks/3jcs3_vbp6pk4.js:0
[    7533ms] [WARNING] Failed parsing 'srcset' attribute value since its 'w' descriptor is invalid. @ https://dev.shwapno.com/_next/static/chunks/3jcs3_vbp6pk4.js:0
[    7533ms] [WARNING] Dropped srcset candidate "https://d2aea4j8cd78rk.cloudfront.net/images/68385f1f7c609990b97a868b_20250529_1718_E-commerce" @ https://dev.shwapno.com/_next/static/chunks/3jcs3_vbp6pk4.js:0
[    7533ms] [WARNING] Failed parsing 'srcset' attribute value since its 'w' descriptor is invalid. @ https://dev.shwapno.com/_next/static/chunks/3jcs3_vbp6pk4.js:0
[    7533ms] [WARNING] Dropped srcset candidate "https://d2aea4j8cd78rk.cloudfront.net/images/68385f1f7c609990b97a868b_20250529_1718_E-commerce" @ https://dev.shwapno.com/_next/static/chunks/3jcs3_vbp6pk4.js:0
[    7533ms] [WARNING] Failed parsing 'srcset' attribute value since its 'w' descriptor is invalid. @ https://dev.shwapno.com/_next/static/chunks/3jcs3_vbp6pk4.js:0
[    7533ms] [WARNING] Dropped srcset candidate "https://d2aea4j8cd78rk.cloudfront.net/images/68385f1f7c609990b97a868b_20250529_1718_E-commerce" @ https://dev.shwapno.com/_next/static/chunks/3jcs3_vbp6pk4.js:0
[    7534ms] [WARNING] Failed parsing 'srcset' attribute value since it has an unknown descriptor. @ https://dev.shwapno.com/_next/static/chunks/3jcs3_vbp6pk4.js:0
[    7534ms] [WARNING] Dropped srcset candidate "https://d2aea4j8cd78rk.cloudfront.net/images/6838437748709a7fcc60b94f_20250529_1722_Contact" @ https://dev.shwapno.com/_next/static/chunks/3jcs3_vbp6pk4.js:0
[    7534ms] [WARNING] Failed parsing 'srcset' attribute value since it has an unknown descriptor. @ https://dev.shwapno.com/_next/static/chunks/3jcs3_vbp6pk4.js:0
[    7534ms] [WARNING] Dropped srcset candidate "https://d2aea4j8cd78rk.cloudfront.net/images/6838437748709a7fcc60b94f_20250529_1722_Contact" @ https://dev.shwapno.com/_next/static/chunks/3jcs3_vbp6pk4.js:0
[    7534ms] [WARNING] Failed parsing 'srcset' attribute value since it has an unknown descriptor. @ https://dev.shwapno.com/_next/static/chunks/3jcs3_vbp6pk4.js:0
[    7534ms] [WARNING] Dropped srcset candidate "https://d2aea4j8cd78rk.cloudfront.net/images/6838437748709a7fcc60b94f_20250529_1722_Contact" @ https://dev.shwapno.com/_next/static/chunks/3jcs3_vbp6pk4.js:0
[    7534ms] [WARNING] Failed parsing 'srcset' attribute value since it has an unknown descriptor. @ https://dev.shwapno.com/_next/static/chunks/3jcs3_vbp6pk4.js:0
[    7534ms] [WARNING] Dropped srcset candidate "https://d2aea4j8cd78rk.cloudfront.net/images/6838437748709a7fcc60b94f_20250529_1722_Contact" @ https://dev.shwapno.com/_next/static/chunks/3jcs3_vbp6pk4.js:0
[    7534ms] [WARNING] Failed parsing 'srcset' attribute value since it has an unknown descriptor. @ https://dev.shwapno.com/_next/static/chunks/3jcs3_vbp6pk4.js:0
[    7534ms] [WARNING] Dropped srcset candidate "https://d2aea4j8cd78rk.cloudfront.net/images/6838437748709a7fcc60b94f_20250529_1722_Contact" @ https://dev.shwapno.com/_next/static/chunks/3jcs3_vbp6pk4.js:0
[    7534ms] [WARNING] Failed parsing 'srcset' attribute value since it has an unknown descriptor. @ https://dev.shwapno.com/_next/static/chunks/3jcs3_vbp6pk4.js:0
[    7534ms] [WARNING] Dropped srcset candidate "https://d2aea4j8cd78rk.cloudfront.net/images/6838437748709a7fcc60b94f_20250529_1722_Contact" @ https://dev.shwapno.com/_next/static/chunks/3jcs3_vbp6pk4.js:0
[    7534ms] [WARNING] Failed parsing 'srcset' attribute value since it has an unknown descriptor. @ https://dev.shwapno.com/_next/static/chunks/3jcs3_vbp6pk4.js:0
[    7534ms] [WARNING] Dropped srcset candidate "https://d2aea4j8cd78rk.cloudfront.net/images/6838437748709a7fcc60b94f_20250529_1722_Contact" @ https://dev.shwapno.com/_next/static/chunks/3jcs3_vbp6pk4.js:0
[    7534ms] [WARNING] Failed parsing 'srcset' attribute value since it has an unknown descriptor. @ https://dev.shwapno.com/_next/static/chunks/3jcs3_vbp6pk4.js:0
[    7534ms] [WARNING] Dropped srcset candidate "https://d2aea4j8cd78rk.cloudfront.net/images/6838437748709a7fcc60b94f_20250529_1722_Contact" @ https://dev.shwapno.com/_next/static/chunks/3jcs3_vbp6pk4.js:0
[    7534ms] [WARNING] Failed parsing 'srcset' attribute value since it has an unknown descriptor. @ https://dev.shwapno.com/_next/static/chunks/3jcs3_vbp6pk4.js:0
[    7534ms] [WARNING] Dropped srcset candidate "https://d2aea4j8cd78rk.cloudfront.net/images/6838437748709a7fcc60b94f_20250529_1722_Contact" @ https://dev.shwapno.com/_next/static/chunks/3jcs3_vbp6pk4.js:0
[    7535ms] [WARNING] Failed parsing 'srcset' attribute value since it has an unknown descriptor. @ https://dev.shwapno.com/_next/static/chunks/3jcs3_vbp6pk4.js:0
[    7535ms] [WARNING] Dropped srcset candidate "https://d2aea4j8cd78rk.cloudfront.net/images/6838437748709a7fcc60b94f_20250529_1722_Contact" @ https://dev.shwapno.com/_next/static/chunks/3jcs3_vbp6pk4.js:0
[    7535ms] [WARNING] Failed parsing 'srcset' attribute value since it has an unknown descriptor. @ https://dev.shwapno.com/_next/static/chunks/3jcs3_vbp6pk4.js:0
[    7535ms] [WARNING] Dropped srcset candidate "https://d2aea4j8cd78rk.cloudfront.net/images/6838437748709a7fcc60b94f_20250529_1722_Contact" @ https://dev.shwapno.com/_next/static/chunks/3jcs3_vbp6pk4.js:0
[    7535ms] [WARNING] Failed parsing 'srcset' attribute value since it has an unknown descriptor. @ https://dev.shwapno.com/_next/static/chunks/3jcs3_vbp6pk4.js:0
[    7535ms] [WARNING] Dropped srcset candidate "https://d2aea4j8cd78rk.cloudfront.net/images/6838437748709a7fcc60b94f_20250529_1722_Contact" @ https://dev.shwapno.com/_next/static/chunks/3jcs3_vbp6pk4.js:0
[    7535ms] [WARNING] Failed parsing 'srcset' attribute value since it has an unknown descriptor. @ https://dev.shwapno.com/_next/static/chunks/3jcs3_vbp6pk4.js:0
[    7535ms] [WARNING] Dropped srcset candidate "https://d2aea4j8cd78rk.cloudfront.net/images/683959e0ff273eecb5daee14_Custom" @ https://dev.shwapno.com/_next/static/chunks/3jcs3_vbp6pk4.js:0
[    7535ms] [WARNING] Failed parsing 'srcset' attribute value since it has an unknown descriptor. @ https://dev.shwapno.com/_next/static/chunks/3jcs3_vbp6pk4.js:0
[    7535ms] [WARNING] Dropped srcset candidate "https://d2aea4j8cd78rk.cloudfront.net/images/683959e0ff273eecb5daee14_Custom" @ https://dev.shwapno.com/_next/static/chunks/3jcs3_vbp6pk4.js:0
[    7535ms] [WARNING] Failed parsing 'srcset' attribute value since it has an unknown descriptor. @ https://dev.shwapno.com/_next/static/chunks/3jcs3_vbp6pk4.js:0
[    7535ms] [WARNING] Dropped srcset candidate "https://d2aea4j8cd78rk.cloudfront.net/images/683959e0ff273eecb5daee14_Custom" @ https://dev.shwapno.com/_next/static/chunks/3jcs3_vbp6pk4.js:0
[    7535ms] [WARNING] Failed parsing 'srcset' attribute value since it has an unknown descriptor. @ https://dev.shwapno.com/_next/static/chunks/3jcs3_vbp6pk4.js:0
[    7535ms] [WARNING] Dropped srcset candidate "https://d2aea4j8cd78rk.cloudfront.net/images/683959e0ff273eecb5daee14_Custom" @ https://dev.shwapno.com/_next/static/chunks/3jcs3_vbp6pk4.js:0
[    7535ms] [WARNING] Failed parsing 'srcset' attribute value since it has an unknown descriptor. @ https://dev.shwapno.com/_next/static/chunks/3jcs3_vbp6pk4.js:0
[    7535ms] [WARNING] Dropped srcset candidate "https://d2aea4j8cd78rk.cloudfront.net/images/683959e0ff273eecb5daee14_Custom" @ https://dev.shwapno.com/_next/static/chunks/3jcs3_vbp6pk4.js:0
[    7536ms] [WARNING] Failed parsing 'srcset' attribute value since it has an unknown descriptor. @ https://dev.shwapno.com/_next/static/chunks/3jcs3_vbp6pk4.js:0
[    7536ms] [WARNING] Dropped srcset candidate "https://d2aea4j8cd78rk.cloudfront.net/images/683959e0ff273eecb5daee14_Custom" @ https://dev.shwapno.com/_next/static/chunks/3jcs3_vbp6pk4.js:0
[    7536ms] [WARNING] Failed parsing 'srcset' attribute value since it has an unknown descriptor. @ https://dev.shwapno.com/_next/static/chunks/3jcs3_vbp6pk4.js:0
[    7536ms] [WARNING] Dropped srcset candidate "https://d2aea4j8cd78rk.cloudfront.net/images/683959e0ff273eecb5daee14_Custom" @ https://dev.shwapno.com/_next/static/chunks/3jcs3_vbp6pk4.js:0
[    7536ms] [WARNING] Failed parsing 'srcset' attribute value since it has an unknown descriptor. @ https://dev.shwapno.com/_next/static/chunks/3jcs3_vbp6pk4.js:0
[    7536ms] [WARNING] Dropped srcset candidate "https://d2aea4j8cd78rk.cloudfront.net/images/683959e0ff273eecb5daee14_Custom" @ https://dev.shwapno.com/_next/static/chunks/3jcs3_vbp6pk4.js:0
[    7536ms] [WARNING] Failed parsing 'srcset' attribute value since it has an unknown descriptor. @ https://dev.shwapno.com/_next/static/chunks/3jcs3_vbp6pk4.js:0
[    7536ms] [WARNING] Dropped srcset candidate "https://d2aea4j8cd78rk.cloudfront.net/images/683959e0ff273eecb5daee14_Custom" @ https://dev.shwapno.com/_next/static/chunks/3jcs3_vbp6pk4.js:0
[    7536ms] [WARNING] Failed parsing 'srcset' attribute value since it has an unknown descriptor. @ https://dev.shwapno.com/_next/static/chunks/3jcs3_vbp6pk4.js:0
[    7536ms] [WARNING] Dropped srcset candidate "https://d2aea4j8cd78rk.cloudfront.net/images/683959e0ff273eecb5daee14_Custom" @ https://dev.shwapno.com/_next/static/chunks/3jcs3_vbp6pk4.js:0
[    7536ms] [WARNING] Failed parsing 'srcset' attribute value since it has an unknown descriptor. @ https://dev.shwapno.com/_next/static/chunks/3jcs3_vbp6pk4.js:0
[    7536ms] [WARNING] Dropped srcset candidate "https://d2aea4j8cd78rk.cloudfront.net/images/683959e0ff273eecb5daee14_Custom" @ https://dev.shwapno.com/_next/static/chunks/3jcs3_vbp6pk4.js:0
[    7536ms] [WARNING] Failed parsing 'srcset' attribute value since it has an unknown descriptor. @ https://dev.shwapno.com/_next/static/chunks/3jcs3_vbp6pk4.js:0
[    7536ms] [WARNING] Dropped srcset candidate "https://d2aea4j8cd78rk.cloudfront.net/images/683959e0ff273eecb5daee14_Custom" @ https://dev.shwapno.com/_next/static/chunks/3jcs3_vbp6pk4.js:0
[    7537ms] [WARNING] Failed parsing 'srcset' attribute value since it has an unknown descriptor. @ https://dev.shwapno.com/_next/static/chunks/3jcs3_vbp6pk4.js:0
[    7537ms] [WARNING] Dropped srcset candidate "https://d2aea4j8cd78rk.cloudfront.net/images/689ef70c1f62b2a03a1fd4ad_Untitled" @ https://dev.shwapno.com/_next/static/chunks/3jcs3_vbp6pk4.js:0
[    7537ms] [WARNING] Failed parsing 'srcset' attribute value since it has an unknown descriptor. @ https://dev.shwapno.com/_next/static/chunks/3jcs3_vbp6pk4.js:0
[    7537ms] [WARNING] Dropped srcset candidate "https://d2aea4j8cd78rk.cloudfront.net/images/689ef70c1f62b2a03a1fd4ad_Untitled" @ https://dev.shwapno.com/_next/static/chunks/3jcs3_vbp6pk4.js:0
[    7537ms] [WARNING] Failed parsing 'srcset' attribute value since it has an unknown descriptor. @ https://dev.shwapno.com/_next/static/chunks/3jcs3_vbp6pk4.js:0
[    7537ms] [WARNING] Dropped srcset candidate "https://d2aea4j8cd78rk.cloudfront.net/images/689ef70c1f62b2a03a1fd4ad_Untitled" @ https://dev.shwapno.com/_next/static/chunks/3jcs3_vbp6pk4.js:0
[    7537ms] [WARNING] Failed parsing 'srcset' attribute value since it has an unknown descriptor. @ https://dev.shwapno.com/_next/static/chunks/3jcs3_vbp6pk4.js:0
[    7537ms] [WARNING] Dropped srcset candidate "https://d2aea4j8cd78rk.cloudfront.net/images/689ef70c1f62b2a03a1fd4ad_Untitled" @ https://dev.shwapno.com/_next/static/chunks/3jcs3_vbp6pk4.js:0
[    7537ms] [WARNING] Failed parsing 'srcset' attribute value since it has an unknown descriptor. @ https://dev.shwapno.com/_next/static/chunks/3jcs3_vbp6pk4.js:0
[    7537ms] [WARNING] Dropped srcset candidate "https://d2aea4j8cd78rk.cloudfront.net/images/689ef70c1f62b2a03a1fd4ad_Untitled" @ https://dev.shwapno.com/_next/static/chunks/3jcs3_vbp6pk4.js:0
[    7537ms] [WARNING] Failed parsing 'srcset' attribute value since it has an unknown descriptor. @ https://dev.shwapno.com/_next/static/chunks/3jcs3_vbp6pk4.js:0
[    7537ms] [WARNING] Dropped srcset candidate "https://d2aea4j8cd78rk.cloudfront.net/images/689ef70c1f62b2a03a1fd4ad_Untitled" @ https://dev.shwapno.com/_next/static/chunks/3jcs3_vbp6pk4.js:0
[    7537ms] [WARNING] Failed parsing 'srcset' attribute value since it has an unknown descriptor. @ https://dev.shwapno.com/_next/static/chunks/3jcs3_vbp6pk4.js:0
[    7537ms] [WARNING] Dropped srcset candidate "https://d2aea4j8cd78rk.cloudfront.net/images/689ef70c1f62b2a03a1fd4ad_Untitled" @ https://dev.shwapno.com/_next/static/chunks/3jcs3_vbp6pk4.js:0
[    7537ms] [WARNING] Failed parsing 'srcset' attribute value since it has an unknown descriptor. @ https://dev.shwapno.com/_next/static/chunks/3jcs3_vbp6pk4.js:0
[    7537ms] [WARNING] Dropped srcset candidate "https://d2aea4j8cd78rk.cloudfront.net/images/689ef70c1f62b2a03a1fd4ad_Untitled" @ https://dev.shwapno.com/_next/static/chunks/3jcs3_vbp6pk4.js:0
[    7537ms] [WARNING] Failed parsing 'srcset' attribute value since it has an unknown descriptor. @ https://dev.shwapno.com/_next/static/chunks/3jcs3_vbp6pk4.js:0
[    7538ms] [WARNING] Dropped srcset candidate "https://d2aea4j8cd78rk.cloudfront.net/images/689ef70c1f62b2a03a1fd4ad_Untitled" @ https://dev.shwapno.com/_next/static/chunks/3jcs3_vbp6pk4.js:0
[    7538ms] [WARNING] Failed parsing 'srcset' attribute value since it has an unknown descriptor. @ https://dev.shwapno.com/_next/static/chunks/3jcs3_vbp6pk4.js:0
[    7538ms] [WARNING] Dropped srcset candidate "https://d2aea4j8cd78rk.cloudfront.net/images/689ef70c1f62b2a03a1fd4ad_Untitled" @ https://dev.shwapno.com/_next/static/chunks/3jcs3_vbp6pk4.js:0
[    7538ms] [WARNING] Failed parsing 'srcset' attribute value since it has an unknown descriptor. @ https://dev.shwapno.com/_next/static/chunks/3jcs3_vbp6pk4.js:0
[    7538ms] [WARNING] Dropped srcset candidate "https://d2aea4j8cd78rk.cloudfront.net/images/689ef70c1f62b2a03a1fd4ad_Untitled" @ https://dev.shwapno.com/_next/static/chunks/3jcs3_vbp6pk4.js:0
[    7538ms] [WARNING] Failed parsing 'srcset' attribute value since it has an unknown descriptor. @ https://dev.shwapno.com/_next/static/chunks/3jcs3_vbp6pk4.js:0
[    7538ms] [WARNING] Dropped srcset candidate "https://d2aea4j8cd78rk.cloudfront.net/images/689ef70c1f62b2a03a1fd4ad_Untitled" @ https://dev.shwapno.com/_next/static/chunks/3jcs3_vbp6pk4.js:0
[    7538ms] [WARNING] Failed parsing 'srcset' attribute value since it has an unknown descriptor. @ https://dev.shwapno.com/_next/static/chunks/3jcs3_vbp6pk4.js:0
[    7538ms] [WARNING] Dropped srcset candidate "https://d2aea4j8cd78rk.cloudfront.net/images/677f5db4913ca3099e54974a_6720b9bddc217b2fa1ecbab8_BIG" @ https://dev.shwapno.com/_next/static/chunks/3jcs3_vbp6pk4.js:0
[    7538ms] [WARNING] Failed parsing 'srcset' attribute value since it has an unknown descriptor. @ https://dev.shwapno.com/_next/static/chunks/3jcs3_vbp6pk4.js:0
[    7538ms] [WARNING] Dropped srcset candidate "https://d2aea4j8cd78rk.cloudfront.net/images/677f5db4913ca3099e54974a_6720b9bddc217b2fa1ecbab8_BIG" @ https://dev.shwapno.com/_next/static/chunks/3jcs3_vbp6pk4.js:0
[    7538ms] [WARNING] Failed parsing 'srcset' attribute value since it has an unknown descriptor. @ https://dev.shwapno.com/_next/static/chunks/3jcs3_vbp6pk4.js:0
[    7538ms] [WARNING] Dropped srcset candidate "https://d2aea4j8cd78rk.cloudfront.net/images/677f5db4913ca3099e54974a_6720b9bddc217b2fa1ecbab8_BIG" @ https://dev.shwapno.com/_next/static/chunks/3jcs3_vbp6pk4.js:0
[    7539ms] [WARNING] Failed parsing 'srcset' attribute value since it has an unknown descriptor. @ https://dev.shwapno.com/_next/static/chunks/3jcs3_vbp6pk4.js:0
[    7539ms] [WARNING] Dropped srcset candidate "https://d2aea4j8cd78rk.cloudfront.net/images/677f5db4913ca3099e54974a_6720b9bddc217b2fa1ecbab8_BIG" @ https://dev.shwapno.com/_next/static/chunks/3jcs3_vbp6pk4.js:0
[    7539ms] [WARNING] Failed parsing 'srcset' attribute value since it has an unknown descriptor. @ https://dev.shwapno.com/_next/static/chunks/3jcs3_vbp6pk4.js:0
[    7539ms] [WARNING] Dropped srcset candidate "https://d2aea4j8cd78rk.cloudfront.net/images/677f5db4913ca3099e54974a_6720b9bddc217b2fa1ecbab8_BIG" @ https://dev.shwapno.com/_next/static/chunks/3jcs3_vbp6pk4.js:0
[    7539ms] [WARNING] Failed parsing 'srcset' attribute value since it has an unknown descriptor. @ https://dev.shwapno.com/_next/static/chunks/3jcs3_vbp6pk4.js:0
[    7539ms] [WARNING] Dropped srcset candidate "https://d2aea4j8cd78rk.cloudfront.net/images/677f5db4913ca3099e54974a_6720b9bddc217b2fa1ecbab8_BIG" @ https://dev.shwapno.com/_next/static/chunks/3jcs3_vbp6pk4.js:0
[    7539ms] [WARNING] Failed parsing 'srcset' attribute value since it has an unknown descriptor. @ https://dev.shwapno.com/_next/static/chunks/3jcs3_vbp6pk4.js:0
[    7539ms] [WARNING] Dropped srcset candidate "https://d2aea4j8cd78rk.cloudfront.net/images/677f5db4913ca3099e54974a_6720b9bddc217b2fa1ecbab8_BIG" @ https://dev.shwapno.com/_next/static/chunks/3jcs3_vbp6pk4.js:0
[    7539ms] [WARNING] Failed parsing 'srcset' attribute value since it has an unknown descriptor. @ https://dev.shwapno.com/_next/static/chunks/3jcs3_vbp6pk4.js:0
[    7539ms] [WARNING] Dropped srcset candidate "https://d2aea4j8cd78rk.cloudfront.net/images/677f5db4913ca3099e54974a_6720b9bddc217b2fa1ecbab8_BIG" @ https://dev.shwapno.com/_next/static/chunks/3jcs3_vbp6pk4.js:0
[    7539ms] [WARNING] Failed parsing 'srcset' attribute value since it has an unknown descriptor. @ https://dev.shwapno.com/_next/static/chunks/3jcs3_vbp6pk4.js:0
[    7539ms] [WARNING] Dropped srcset candidate "https://d2aea4j8cd78rk.cloudfront.net/images/677f5db4913ca3099e54974a_6720b9bddc217b2fa1ecbab8_BIG" @ https://dev.shwapno.com/_next/static/chunks/3jcs3_vbp6pk4.js:0
[    7539ms] [WARNING] Failed parsing 'srcset' attribute value since it has an unknown descriptor. @ https://dev.shwapno.com/_next/static/chunks/3jcs3_vbp6pk4.js:0
[    7539ms] [WARNING] Dropped srcset candidate "https://d2aea4j8cd78rk.cloudfront.net/images/677f5db4913ca3099e54974a_6720b9bddc217b2fa1ecbab8_BIG" @ https://dev.shwapno.com/_next/static/chunks/3jcs3_vbp6pk4.js:0
[    7539ms] [WARNING] Failed parsing 'srcset' attribute value since it has an unknown descriptor. @ https://dev.shwapno.com/_next/static/chunks/3jcs3_vbp6pk4.js:0
[    7539ms] [WARNING] Dropped srcset candidate "https://d2aea4j8cd78rk.cloudfront.net/images/677f5db4913ca3099e54974a_6720b9bddc217b2fa1ecbab8_BIG" @ https://dev.shwapno.com/_next/static/chunks/3jcs3_vbp6pk4.js:0
[    7539ms] [WARNING] Failed parsing 'srcset' attribute value since it has an unknown descriptor. @ https://dev.shwapno.com/_next/static/chunks/3jcs3_vbp6pk4.js:0
[    7539ms] [WARNING] Dropped srcset candidate "https://d2aea4j8cd78rk.cloudfront.net/images/677f5db4913ca3099e54974a_6720b9bddc217b2fa1ecbab8_BIG" @ https://dev.shwapno.com/_next/static/chunks/3jcs3_vbp6pk4.js:0
[    7540ms] [WARNING] Failed parsing 'srcset' attribute value since it has an unknown descriptor. @ https://dev.shwapno.com/_next/static/chunks/3jcs3_vbp6pk4.js:0
[    7540ms] [WARNING] Dropped srcset candidate "https://d2aea4j8cd78rk.cloudfront.net/images/677f5df0913ca3099e54ff8d_671e4909dc217b2fa1738524_uniliver" @ https://dev.shwapno.com/_next/static/chunks/3jcs3_vbp6pk4.js:0
[    7540ms] [WARNING] Failed parsing 'srcset' attribute value since it has an unknown descriptor. @ https://dev.shwapno.com/_next/static/chunks/3jcs3_vbp6pk4.js:0
[    7540ms] [WARNING] Dropped srcset candidate "https://d2aea4j8cd78rk.cloudfront.net/images/677f5df0913ca3099e54ff8d_671e4909dc217b2fa1738524_uniliver" @ https://dev.shwapno.com/_next/static/chunks/3jcs3_vbp6pk4.js:0
[    7540ms] [WARNING] Failed parsing 'srcset' attribute value since it has an unknown descriptor. @ https://dev.shwapno.com/_next/static/chunks/3jcs3_vbp6pk4.js:0
[    7540ms] [WARNING] Dropped srcset candidate "https://d2aea4j8cd78rk.cloudfront.net/images/677f5df0913ca3099e54ff8d_671e4909dc217b2fa1738524_uniliver" @ https://dev.shwapno.com/_next/static/chunks/3jcs3_vbp6pk4.js:0
[    7540ms] [WARNING] Failed parsing 'srcset' attribute value since it has an unknown descriptor. @ https://dev.shwapno.com/_next/static/chunks/3jcs3_vbp6pk4.js:0
[    7540ms] [WARNING] Dropped srcset candidate "https://d2aea4j8cd78rk.cloudfront.net/images/677f5df0913ca3099e54ff8d_671e4909dc217b2fa1738524_uniliver" @ https://dev.shwapno.com/_next/static/chunks/3jcs3_vbp6pk4.js:0
[    7540ms] [WARNING] Failed parsing 'srcset' attribute value since it has an unknown descriptor. @ https://dev.shwapno.com/_next/static/chunks/3jcs3_vbp6pk4.js:0
[    7540ms] [WARNING] Dropped srcset candidate "https://d2aea4j8cd78rk.cloudfront.net/images/677f5df0913ca3099e54ff8d_671e4909dc217b2fa1738524_uniliver" @ https://dev.shwapno.com/_next/static/chunks/3jcs3_vbp6pk4.js:0
[    7540ms] [WARNING] Failed parsing 'srcset' attribute value since it has an unknown descriptor. @ https://dev.shwapno.com/_next/static/chunks/3jcs3_vbp6pk4.js:0
[    7540ms] [WARNING] Dropped srcset candidate "https://d2aea4j8cd78rk.cloudfront.net/images/677f5df0913ca3099e54ff8d_671e4909dc217b2fa1738524_uniliver" @ https://dev.shwapno.com/_next/static/chunks/3jcs3_vbp6pk4.js:0
[    7540ms] [WARNING] Failed parsing 'srcset' attribute value since it has an unknown descriptor. @ https://dev.shwapno.com/_next/static/chunks/3jcs3_vbp6pk4.js:0
[    7541ms] [WARNING] Dropped srcset candidate "https://d2aea4j8cd78rk.cloudfront.net/images/677f5df0913ca3099e54ff8d_671e4909dc217b2fa1738524_uniliver" @ https://dev.shwapno.com/_next/static/chunks/3jcs3_vbp6pk4.js:0
[    7541ms] [WARNING] Failed parsing 'srcset' attribute value since it has an unknown descriptor. @ https://dev.shwapno.com/_next/static/chunks/3jcs3_vbp6pk4.js:0
[    7541ms] [WARNING] Dropped srcset candidate "https://d2aea4j8cd78rk.cloudfront.net/images/677f5df0913ca3099e54ff8d_671e4909dc217b2fa1738524_uniliver" @ https://dev.shwapno.com/_next/static/chunks/3jcs3_vbp6pk4.js:0
[    7541ms] [WARNING] Failed parsing 'srcset' attribute value since it has an unknown descriptor. @ https://dev.shwapno.com/_next/static/chunks/3jcs3_vbp6pk4.js:0
[    7541ms] [WARNING] Dropped srcset candidate "https://d2aea4j8cd78rk.cloudfront.net/images/677f5df0913ca3099e54ff8d_671e4909dc217b2fa1738524_uniliver" @ https://dev.shwapno.com/_next/static/chunks/3jcs3_vbp6pk4.js:0
[    7541ms] [WARNING] Failed parsing 'srcset' attribute value since it has an unknown descriptor. @ https://dev.shwapno.com/_next/static/chunks/3jcs3_vbp6pk4.js:0
[    7541ms] [WARNING] Dropped srcset candidate "https://d2aea4j8cd78rk.cloudfront.net/images/677f5df0913ca3099e54ff8d_671e4909dc217b2fa1738524_uniliver" @ https://dev.shwapno.com/_next/static/chunks/3jcs3_vbp6pk4.js:0
[    7541ms] [WARNING] Failed parsing 'srcset' attribute value since it has an unknown descriptor. @ https://dev.shwapno.com/_next/static/chunks/3jcs3_vbp6pk4.js:0
[    7541ms] [WARNING] Dropped srcset candidate "https://d2aea4j8cd78rk.cloudfront.net/images/677f5df0913ca3099e54ff8d_671e4909dc217b2fa1738524_uniliver" @ https://dev.shwapno.com/_next/static/chunks/3jcs3_vbp6pk4.js:0
[    7541ms] [WARNING] Failed parsing 'srcset' attribute value since it has an unknown descriptor. @ https://dev.shwapno.com/_next/static/chunks/3jcs3_vbp6pk4.js:0
[    7541ms] [WARNING] Dropped srcset candidate "https://d2aea4j8cd78rk.cloudfront.net/images/677f5df0913ca3099e54ff8d_671e4909dc217b2fa1738524_uniliver" @ https://dev.shwapno.com/_next/static/chunks/3jcs3_vbp6pk4.js:0
[    7544ms] [WARNING] Failed parsing 'srcset' attribute value since it has an unknown descriptor. @ https://dev.shwapno.com/_next/static/chunks/3jcs3_vbp6pk4.js:0
[    7544ms] [WARNING] Dropped srcset candidate "https://d2aea4j8cd78rk.cloudfront.net/images/689ef3241f62b2a03a1c2367_Untitled" @ https://dev.shwapno.com/_next/static/chunks/3jcs3_vbp6pk4.js:0
[    7544ms] [WARNING] Failed parsing 'srcset' attribute value since it has an unknown descriptor. @ https://dev.shwapno.com/_next/static/chunks/3jcs3_vbp6pk4.js:0
[    7544ms] [WARNING] Dropped srcset candidate "https://d2aea4j8cd78rk.cloudfront.net/images/689ef3241f62b2a03a1c2367_Untitled" @ https://dev.shwapno.com/_next/static/chunks/3jcs3_vbp6pk4.js:0
[    7544ms] [WARNING] Failed parsing 'srcset' attribute value since it has an unknown descriptor. @ https://dev.shwapno.com/_next/static/chunks/3jcs3_vbp6pk4.js:0
[    7544ms] [WARNING] Dropped srcset candidate "https://d2aea4j8cd78rk.cloudfront.net/images/689ef3241f62b2a03a1c2367_Untitled" @ https://dev.shwapno.com/_next/static/chunks/3jcs3_vbp6pk4.js:0
[    7544ms] [WARNING] Failed parsing 'srcset' attribute value since it has an unknown descriptor. @ https://dev.shwapno.com/_next/static/chunks/3jcs3_vbp6pk4.js:0
[    7544ms] [WARNING] Dropped srcset candidate "https://d2aea4j8cd78rk.cloudfront.net/images/689ef3241f62b2a03a1c2367_Untitled" @ https://dev.shwapno.com/_next/static/chunks/3jcs3_vbp6pk4.js:0
[    7544ms] [WARNING] Failed parsing 'srcset' attribute value since it has an unknown descriptor. @ https://dev.shwapno.com/_next/static/chunks/3jcs3_vbp6pk4.js:0
[    7544ms] [WARNING] Dropped srcset candidate "https://d2aea4j8cd78rk.cloudfront.net/images/689ef3241f62b2a03a1c2367_Untitled" @ https://dev.shwapno.com/_next/static/chunks/3jcs3_vbp6pk4.js:0
[    7544ms] [WARNING] Failed parsing 'srcset' attribute value since it has an unknown descriptor. @ https://dev.shwapno.com/_next/static/chunks/3jcs3_vbp6pk4.js:0
[    7544ms] [WARNING] Dropped srcset candidate "https://d2aea4j8cd78rk.cloudfront.net/images/689ef3241f62b2a03a1c2367_Untitled" @ https://dev.shwapno.com/_next/static/chunks/3jcs3_vbp6pk4.js:0
[    7544ms] [WARNING] Failed parsing 'srcset' attribute value since it has an unknown descriptor. @ https://dev.shwapno.com/_next/static/chunks/3jcs3_vbp6pk4.js:0
[    7544ms] [WARNING] Dropped srcset candidate "https://d2aea4j8cd78rk.cloudfront.net/images/689ef3241f62b2a03a1c2367_Untitled" @ https://dev.shwapno.com/_next/static/chunks/3jcs3_vbp6pk4.js:0
[    7544ms] [WARNING] Failed parsing 'srcset' attribute value since it has an unknown descriptor. @ https://dev.shwapno.com/_next/static/chunks/3jcs3_vbp6pk4.js:0
[    7544ms] [WARNING] Dropped srcset candidate "https://d2aea4j8cd78rk.cloudfront.net/images/689ef3241f62b2a03a1c2367_Untitled" @ https://dev.shwapno.com/_next/static/chunks/3jcs3_vbp6pk4.js:0
[    7544ms] [WARNING] Failed parsing 'srcset' attribute value since it has an unknown descriptor. @ https://dev.shwapno.com/_next/static/chunks/3jcs3_vbp6pk4.js:0
[    7544ms] [WARNING] Dropped srcset candidate "https://d2aea4j8cd78rk.cloudfront.net/images/689ef3241f62b2a03a1c2367_Untitled" @ https://dev.shwapno.com/_next/static/chunks/3jcs3_vbp6pk4.js:0
[    7544ms] [WARNING] Failed parsing 'srcset' attribute value since it has an unknown descriptor. @ https://dev.shwapno.com/_next/static/chunks/3jcs3_vbp6pk4.js:0
[    7544ms] [WARNING] Dropped srcset candidate "https://d2aea4j8cd78rk.cloudfront.net/images/689ef3241f62b2a03a1c2367_Untitled" @ https://dev.shwapno.com/_next/static/chunks/3jcs3_vbp6pk4.js:0
[    7545ms] [WARNING] Failed parsing 'srcset' attribute value since it has an unknown descriptor. @ https://dev.shwapno.com/_next/static/chunks/3jcs3_vbp6pk4.js:0
[    7545ms] [WARNING] Dropped srcset candidate "https://d2aea4j8cd78rk.cloudfront.net/images/689ef3241f62b2a03a1c2367_Untitled" @ https://dev.shwapno.com/_next/static/chunks/3jcs3_vbp6pk4.js:0
[    7545ms] [WARNING] Failed parsing 'srcset' attribute value since it has an unknown descriptor. @ https://dev.shwapno.com/_next/static/chunks/3jcs3_vbp6pk4.js:0
[    7545ms] [WARNING] Dropped srcset candidate "https://d2aea4j8cd78rk.cloudfront.net/images/689ef3241f62b2a03a1c2367_Untitled" @ https://dev.shwapno.com/_next/static/chunks/3jcs3_vbp6pk4.js:0
[    7545ms] [WARNING] Failed parsing 'srcset' attribute value since it has an unknown descriptor. @ https://dev.shwapno.com/_next/static/chunks/3jcs3_vbp6pk4.js:0
[    7545ms] [WARNING] Dropped srcset candidate "https://d2aea4j8cd78rk.cloudfront.net/images/689ef3241f62b2a03a1c2367_Untitled" @ https://dev.shwapno.com/_next/static/chunks/3jcs3_vbp6pk4.js:0
[    7545ms] [WARNING] Failed parsing 'srcset' attribute value since it has an unknown descriptor. @ https://dev.shwapno.com/_next/static/chunks/3jcs3_vbp6pk4.js:0
[    7545ms] [WARNING] Dropped srcset candidate "https://d2aea4j8cd78rk.cloudfront.net/images/689ef3241f62b2a03a1c2367_Untitled" @ https://dev.shwapno.com/_next/static/chunks/3jcs3_vbp6pk4.js:0
[    7545ms] [WARNING] Failed parsing 'srcset' attribute value since it has an unknown descriptor. @ https://dev.shwapno.com/_next/static/chunks/3jcs3_vbp6pk4.js:0
[    7545ms] [WARNING] Dropped srcset candidate "https://d2aea4j8cd78rk.cloudfront.net/images/689ef3241f62b2a03a1c2367_Untitled" @ https://dev.shwapno.com/_next/static/chunks/3jcs3_vbp6pk4.js:0
[    7545ms] [WARNING] Failed parsing 'srcset' attribute value since it has an unknown descriptor. @ https://dev.shwapno.com/_next/static/chunks/3jcs3_vbp6pk4.js:0
[    7545ms] [WARNING] Dropped srcset candidate "https://d2aea4j8cd78rk.cloudfront.net/images/689ef3241f62b2a03a1c2367_Untitled" @ https://dev.shwapno.com/_next/static/chunks/3jcs3_vbp6pk4.js:0
[    7545ms] [WARNING] Failed parsing 'srcset' attribute value since it has an unknown descriptor. @ https://dev.shwapno.com/_next/static/chunks/3jcs3_vbp6pk4.js:0
[    7545ms] [WARNING] Dropped srcset candidate "https://d2aea4j8cd78rk.cloudfront.net/images/689ef3241f62b2a03a1c2367_Untitled" @ https://dev.shwapno.com/_next/static/chunks/3jcs3_vbp6pk4.js:0
[    7545ms] [WARNING] Failed parsing 'srcset' attribute value since it has an unknown descriptor. @ https://dev.shwapno.com/_next/static/chunks/3jcs3_vbp6pk4.js:0
[    7545ms] [WARNING] Dropped srcset candidate "https://d2aea4j8cd78rk.cloudfront.net/images/689ef3241f62b2a03a1c2367_Untitled" @ https://dev.shwapno.com/_next/static/chunks/3jcs3_vbp6pk4.js:0
[    7545ms] [WARNING] Failed parsing 'srcset' attribute value since it has an unknown descriptor. @ https://dev.shwapno.com/_next/static/chunks/3jcs3_vbp6pk4.js:0
[    7545ms] [WARNING] Dropped srcset candidate "https://d2aea4j8cd78rk.cloudfront.net/images/689ef3241f62b2a03a1c2367_Untitled" @ https://dev.shwapno.com/_next/static/chunks/3jcs3_vbp6pk4.js:0
[    7545ms] [WARNING] Failed parsing 'srcset' attribute value since it has an unknown descriptor. @ https://dev.shwapno.com/_next/static/chunks/3jcs3_vbp6pk4.js:0
[    7545ms] [WARNING] Dropped srcset candidate "https://d2aea4j8cd78rk.cloudfront.net/images/689ef3241f62b2a03a1c2367_Untitled" @ https://dev.shwapno.com/_next/static/chunks/3jcs3_vbp6pk4.js:0
[    7545ms] [WARNING] Failed parsing 'srcset' attribute value since it has an unknown descriptor. @ https://dev.shwapno.com/_next/static/chunks/3jcs3_vbp6pk4.js:0
[    7545ms] [WARNING] Dropped srcset candidate "https://d2aea4j8cd78rk.cloudfront.net/images/689ef3241f62b2a03a1c2367_Untitled" @ https://dev.shwapno.com/_next/static/chunks/3jcs3_vbp6pk4.js:0
[    7545ms] [WARNING] Failed parsing 'srcset' attribute value since it has an unknown descriptor. @ https://dev.shwapno.com/_next/static/chunks/3jcs3_vbp6pk4.js:0
[    7545ms] [WARNING] Dropped srcset candidate "https://d2aea4j8cd78rk.cloudfront.net/images/689ef3241f62b2a03a1c2367_Untitled" @ https://dev.shwapno.com/_next/static/chunks/3jcs3_vbp6pk4.js:0
[    7547ms] [WARNING] Failed parsing 'srcset' attribute value since it has an unknown descriptor. @ https://dev.shwapno.com/_next/static/chunks/3jcs3_vbp6pk4.js:0
[    7547ms] [WARNING] Dropped srcset candidate "https://d2aea4j8cd78rk.cloudfront.net/images/6683ec639f69bc6485cf8e46_soft" @ https://dev.shwapno.com/_next/static/chunks/3jcs3_vbp6pk4.js:0
[    7547ms] [WARNING] Failed parsing 'srcset' attribute value since it has an unknown descriptor. @ https://dev.shwapno.com/_next/static/chunks/3jcs3_vbp6pk4.js:0
[    7547ms] [WARNING] Dropped srcset candidate "https://d2aea4j8cd78rk.cloudfront.net/images/6683ec639f69bc6485cf8e46_soft" @ https://dev.shwapno.com/_next/static/chunks/3jcs3_vbp6pk4.js:0
[    7547ms] [WARNING] Failed parsing 'srcset' attribute value since it has an unknown descriptor. @ https://dev.shwapno.com/_next/static/chunks/3jcs3_vbp6pk4.js:0
[    7547ms] [WARNING] Dropped srcset candidate "https://d2aea4j8cd78rk.cloudfront.net/images/6683ec639f69bc6485cf8e46_soft" @ https://dev.shwapno.com/_next/static/chunks/3jcs3_vbp6pk4.js:0
[    7547ms] [WARNING] Failed parsing 'srcset' attribute value since it has an unknown descriptor. @ https://dev.shwapno.com/_next/static/chunks/3jcs3_vbp6pk4.js:0
[    7547ms] [WARNING] Dropped srcset candidate "https://d2aea4j8cd78rk.cloudfront.net/images/6683ec639f69bc6485cf8e46_soft" @ https://dev.shwapno.com/_next/static/chunks/3jcs3_vbp6pk4.js:0
[    7547ms] [WARNING] Failed parsing 'srcset' attribute value since it has an unknown descriptor. @ https://dev.shwapno.com/_next/static/chunks/3jcs3_vbp6pk4.js:0
[    7547ms] [WARNING] Dropped srcset candidate "https://d2aea4j8cd78rk.cloudfront.net/images/6683ec639f69bc6485cf8e46_soft" @ https://dev.shwapno.com/_next/static/chunks/3jcs3_vbp6pk4.js:0
[    7547ms] [WARNING] Failed parsing 'srcset' attribute value since it has an unknown descriptor. @ https://dev.shwapno.com/_next/static/chunks/3jcs3_vbp6pk4.js:0
[    7547ms] [WARNING] Dropped srcset candidate "https://d2aea4j8cd78rk.cloudfront.net/images/6683ec639f69bc6485cf8e46_soft" @ https://dev.shwapno.com/_next/static/chunks/3jcs3_vbp6pk4.js:0
[    7547ms] [WARNING] Failed parsing 'srcset' attribute value since it has an unknown descriptor. @ https://dev.shwapno.com/_next/static/chunks/3jcs3_vbp6pk4.js:0
[    7547ms] [WARNING] Dropped srcset candidate "https://d2aea4j8cd78rk.cloudfront.net/images/6683ec639f69bc6485cf8e46_soft" @ https://dev.shwapno.com/_next/static/chunks/3jcs3_vbp6pk4.js:0
[    7547ms] [WARNING] Failed parsing 'srcset' attribute value since it has an unknown descriptor. @ https://dev.shwapno.com/_next/static/chunks/3jcs3_vbp6pk4.js:0
[    7547ms] [WARNING] Dropped srcset candidate "https://d2aea4j8cd78rk.cloudfront.net/images/6683ec639f69bc6485cf8e46_soft" @ https://dev.shwapno.com/_next/static/chunks/3jcs3_vbp6pk4.js:0
[    7547ms] [WARNING] Failed parsing 'srcset' attribute value since it has an unknown descriptor. @ https://dev.shwapno.com/_next/static/chunks/3jcs3_vbp6pk4.js:0
[    7547ms] [WARNING] Dropped srcset candidate "https://d2aea4j8cd78rk.cloudfront.net/images/6683ec639f69bc6485cf8e46_soft" @ https://dev.shwapno.com/_next/static/chunks/3jcs3_vbp6pk4.js:0
[    7547ms] [WARNING] Failed parsing 'srcset' attribute value since it has an unknown descriptor. @ https://dev.shwapno.com/_next/static/chunks/3jcs3_vbp6pk4.js:0
[    7547ms] [WARNING] Dropped srcset candidate "https://d2aea4j8cd78rk.cloudfront.net/images/6683ec639f69bc6485cf8e46_soft" @ https://dev.shwapno.com/_next/static/chunks/3jcs3_vbp6pk4.js:0
[    7547ms] [WARNING] Failed parsing 'srcset' attribute value since it has an unknown descriptor. @ https://dev.shwapno.com/_next/static/chunks/3jcs3_vbp6pk4.js:0
[    7547ms] [WARNING] Dropped srcset candidate "https://d2aea4j8cd78rk.cloudfront.net/images/6683ec639f69bc6485cf8e46_soft" @ https://dev.shwapno.com/_next/static/chunks/3jcs3_vbp6pk4.js:0
[    7547ms] [WARNING] Failed parsing 'srcset' attribute value since it has an unknown descriptor. @ https://dev.shwapno.com/_next/static/chunks/3jcs3_vbp6pk4.js:0
[    7547ms] [WARNING] Dropped srcset candidate "https://d2aea4j8cd78rk.cloudfront.net/images/6683ec639f69bc6485cf8e46_soft" @ https://dev.shwapno.com/_next/static/chunks/3jcs3_vbp6pk4.js:0
[    7547ms] [WARNING] Failed parsing 'srcset' attribute value since it has an unknown descriptor. @ https://dev.shwapno.com/_next/static/chunks/3jcs3_vbp6pk4.js:0
[    7547ms] [WARNING] Dropped srcset candidate "https://d2aea4j8cd78rk.cloudfront.net/images/6683ec639f69bc6485cf8e46_soft" @ https://dev.shwapno.com/_next/static/chunks/3jcs3_vbp6pk4.js:0
[    7547ms] [WARNING] Failed parsing 'srcset' attribute value since it has an unknown descriptor. @ https://dev.shwapno.com/_next/static/chunks/3jcs3_vbp6pk4.js:0
[    7547ms] [WARNING] Dropped srcset candidate "https://d2aea4j8cd78rk.cloudfront.net/images/6683ec639f69bc6485cf8e46_soft" @ https://dev.shwapno.com/_next/static/chunks/3jcs3_vbp6pk4.js:0
[    7548ms] [WARNING] Failed parsing 'srcset' attribute value since it has an unknown descriptor. @ https://dev.shwapno.com/_next/static/chunks/3jcs3_vbp6pk4.js:0
[    7548ms] [WARNING] Dropped srcset candidate "https://d2aea4j8cd78rk.cloudfront.net/images/6683ec639f69bc6485cf8e46_soft" @ https://dev.shwapno.com/_next/static/chunks/3jcs3_vbp6pk4.js:0
[    7548ms] [WARNING] Failed parsing 'srcset' attribute value since it has an unknown descriptor. @ https://dev.shwapno.com/_next/static/chunks/3jcs3_vbp6pk4.js:0
[    7548ms] [WARNING] Dropped srcset candidate "https://d2aea4j8cd78rk.cloudfront.net/images/6683ec639f69bc6485cf8e46_soft" @ https://dev.shwapno.com/_next/static/chunks/3jcs3_vbp6pk4.js:0
[    7548ms] [WARNING] Failed parsing 'srcset' attribute value since it has an unknown descriptor. @ https://dev.shwapno.com/_next/static/chunks/3jcs3_vbp6pk4.js:0
[    7548ms] [WARNING] Dropped srcset candidate "https://d2aea4j8cd78rk.cloudfront.net/images/6683ec639f69bc6485cf8e46_soft" @ https://dev.shwapno.com/_next/static/chunks/3jcs3_vbp6pk4.js:0
[    7548ms] [WARNING] Failed parsing 'srcset' attribute value since it has an unknown descriptor. @ https://dev.shwapno.com/_next/static/chunks/3jcs3_vbp6pk4.js:0
[    7548ms] [WARNING] Dropped srcset candidate "https://d2aea4j8cd78rk.cloudfront.net/images/6683ec639f69bc6485cf8e46_soft" @ https://dev.shwapno.com/_next/static/chunks/3jcs3_vbp6pk4.js:0
[    7548ms] [WARNING] Failed parsing 'srcset' attribute value since it has an unknown descriptor. @ https://dev.shwapno.com/_next/static/chunks/3jcs3_vbp6pk4.js:0
[    7548ms] [WARNING] Dropped srcset candidate "https://d2aea4j8cd78rk.cloudfront.net/images/6683ec639f69bc6485cf8e46_soft" @ https://dev.shwapno.com/_next/static/chunks/3jcs3_vbp6pk4.js:0
[    7548ms] [WARNING] Failed parsing 'srcset' attribute value since it has an unknown descriptor. @ https://dev.shwapno.com/_next/static/chunks/3jcs3_vbp6pk4.js:0
[    7548ms] [WARNING] Dropped srcset candidate "https://d2aea4j8cd78rk.cloudfront.net/images/6683ec639f69bc6485cf8e46_soft" @ https://dev.shwapno.com/_next/static/chunks/3jcs3_vbp6pk4.js:0
[    7548ms] [WARNING] Failed parsing 'srcset' attribute value since it has an unknown descriptor. @ https://dev.shwapno.com/_next/static/chunks/3jcs3_vbp6pk4.js:0
[    7548ms] [WARNING] Dropped srcset candidate "https://d2aea4j8cd78rk.cloudfront.net/images/6683ec639f69bc6485cf8e46_soft" @ https://dev.shwapno.com/_next/static/chunks/3jcs3_vbp6pk4.js:0
[    7548ms] [WARNING] Failed parsing 'srcset' attribute value since it has an unknown descriptor. @ https://dev.shwapno.com/_next/static/chunks/3jcs3_vbp6pk4.js:0
[    7548ms] [WARNING] Dropped srcset candidate "https://d2aea4j8cd78rk.cloudfront.net/images/6683ec639f69bc6485cf8e46_soft" @ https://dev.shwapno.com/_next/static/chunks/3jcs3_vbp6pk4.js:0
[    7548ms] [WARNING] Failed parsing 'srcset' attribute value since it has an unknown descriptor. @ https://dev.shwapno.com/_next/static/chunks/3jcs3_vbp6pk4.js:0
[    7548ms] [WARNING] Dropped srcset candidate "https://d2aea4j8cd78rk.cloudfront.net/images/66b1d03cd0701d63ca7e644e_Other" @ https://dev.shwapno.com/_next/static/chunks/3jcs3_vbp6pk4.js:0
[    7548ms] [WARNING] Failed parsing 'srcset' attribute value since it has an unknown descriptor. @ https://dev.shwapno.com/_next/static/chunks/3jcs3_vbp6pk4.js:0
[    7548ms] [WARNING] Dropped srcset candidate "https://d2aea4j8cd78rk.cloudfront.net/images/66b1d03cd0701d63ca7e644e_Other" @ https://dev.shwapno.com/_next/static/chunks/3jcs3_vbp6pk4.js:0
[    7549ms] [WARNING] Failed parsing 'srcset' attribute value since it has an unknown descriptor. @ https://dev.shwapno.com/_next/static/chunks/3jcs3_vbp6pk4.js:0
[    7549ms] [WARNING] Dropped srcset candidate "https://d2aea4j8cd78rk.cloudfront.net/images/66b1d03cd0701d63ca7e644e_Other" @ https://dev.shwapno.com/_next/static/chunks/3jcs3_vbp6pk4.js:0
[    7549ms] [WARNING] Failed parsing 'srcset' attribute value since it has an unknown descriptor. @ https://dev.shwapno.com/_next/static/chunks/3jcs3_vbp6pk4.js:0
[    7549ms] [WARNING] Dropped srcset candidate "https://d2aea4j8cd78rk.cloudfront.net/images/66b1d03cd0701d63ca7e644e_Other" @ https://dev.shwapno.com/_next/static/chunks/3jcs3_vbp6pk4.js:0
[    7549ms] [WARNING] Failed parsing 'srcset' attribute value since it has an unknown descriptor. @ https://dev.shwapno.com/_next/static/chunks/3jcs3_vbp6pk4.js:0
[    7549ms] [WARNING] Dropped srcset candidate "https://d2aea4j8cd78rk.cloudfront.net/images/66b1d03cd0701d63ca7e644e_Other" @ https://dev.shwapno.com/_next/static/chunks/3jcs3_vbp6pk4.js:0
[    7549ms] [WARNING] Failed parsing 'srcset' attribute value since it has an unknown descriptor. @ https://dev.shwapno.com/_next/static/chunks/3jcs3_vbp6pk4.js:0
[    7549ms] [WARNING] Dropped srcset candidate "https://d2aea4j8cd78rk.cloudfront.net/images/66b1d03cd0701d63ca7e644e_Other" @ https://dev.shwapno.com/_next/static/chunks/3jcs3_vbp6pk4.js:0
[    7549ms] [WARNING] Failed parsing 'srcset' attribute value since it has an unknown descriptor. @ https://dev.shwapno.com/_next/static/chunks/3jcs3_vbp6pk4.js:0
[    7549ms] [WARNING] Dropped srcset candidate "https://d2aea4j8cd78rk.cloudfront.net/images/66b1d03cd0701d63ca7e644e_Other" @ https://dev.shwapno.com/_next/static/chunks/3jcs3_vbp6pk4.js:0
[    7549ms] [WARNING] Failed parsing 'srcset' attribute value since it has an unknown descriptor. @ https://dev.shwapno.com/_next/static/chunks/3jcs3_vbp6pk4.js:0
[    7549ms] [WARNING] Dropped srcset candidate "https://d2aea4j8cd78rk.cloudfront.net/images/66b1d03cd0701d63ca7e644e_Other" @ https://dev.shwapno.com/_next/static/chunks/3jcs3_vbp6pk4.js:0
[    7549ms] [WARNING] Failed parsing 'srcset' attribute value since it has an unknown descriptor. @ https://dev.shwapno.com/_next/static/chunks/3jcs3_vbp6pk4.js:0
[    7549ms] [WARNING] Dropped srcset candidate "https://d2aea4j8cd78rk.cloudfront.net/images/66b1d03cd0701d63ca7e644e_Other" @ https://dev.shwapno.com/_next/static/chunks/3jcs3_vbp6pk4.js:0
[    7549ms] [WARNING] Failed parsing 'srcset' attribute value since it has an unknown descriptor. @ https://dev.shwapno.com/_next/static/chunks/3jcs3_vbp6pk4.js:0
[    7549ms] [WARNING] Dropped srcset candidate "https://d2aea4j8cd78rk.cloudfront.net/images/66b1d03cd0701d63ca7e644e_Other" @ https://dev.shwapno.com/_next/static/chunks/3jcs3_vbp6pk4.js:0
[    7549ms] [WARNING] Failed parsing 'srcset' attribute value since it has an unknown descriptor. @ https://dev.shwapno.com/_next/static/chunks/3jcs3_vbp6pk4.js:0
[    7549ms] [WARNING] Dropped srcset candidate "https://d2aea4j8cd78rk.cloudfront.net/images/66b1d03cd0701d63ca7e644e_Other" @ https://dev.shwapno.com/_next/static/chunks/3jcs3_vbp6pk4.js:0
[    7549ms] [WARNING] Failed parsing 'srcset' attribute value since it has an unknown descriptor. @ https://dev.shwapno.com/_next/static/chunks/3jcs3_vbp6pk4.js:0
[    7549ms] [WARNING] Dropped srcset candidate "https://d2aea4j8cd78rk.cloudfront.net/images/66b1d03cd0701d63ca7e644e_Other" @ https://dev.shwapno.com/_next/static/chunks/3jcs3_vbp6pk4.js:0
[    7549ms] [WARNING] Failed parsing 'srcset' attribute value since it has an unknown descriptor. @ https://dev.shwapno.com/_next/static/chunks/3jcs3_vbp6pk4.js:0
[    7549ms] [WARNING] Dropped srcset candidate "https://d2aea4j8cd78rk.cloudfront.net/images/66b1d03cd0701d63ca7e644e_Other" @ https://dev.shwapno.com/_next/static/chunks/3jcs3_vbp6pk4.js:0
[    7549ms] [WARNING] Failed parsing 'srcset' attribute value since it has an unknown descriptor. @ https://dev.shwapno.com/_next/static/chunks/3jcs3_vbp6pk4.js:0
[    7549ms] [WARNING] Dropped srcset candidate "https://d2aea4j8cd78rk.cloudfront.net/images/66b1d03cd0701d63ca7e644e_Other" @ https://dev.shwapno.com/_next/static/chunks/3jcs3_vbp6pk4.js:0
[    7549ms] [WARNING] Failed parsing 'srcset' attribute value since it has an unknown descriptor. @ https://dev.shwapno.com/_next/static/chunks/3jcs3_vbp6pk4.js:0
[    7549ms] [WARNING] Dropped srcset candidate "https://d2aea4j8cd78rk.cloudfront.net/images/66b1d03cd0701d63ca7e644e_Other" @ https://dev.shwapno.com/_next/static/chunks/3jcs3_vbp6pk4.js:0
[    7549ms] [WARNING] Failed parsing 'srcset' attribute value since it has an unknown descriptor. @ https://dev.shwapno.com/_next/static/chunks/3jcs3_vbp6pk4.js:0
[    7549ms] [WARNING] Dropped srcset candidate "https://d2aea4j8cd78rk.cloudfront.net/images/66b1d03cd0701d63ca7e644e_Other" @ https://dev.shwapno.com/_next/static/chunks/3jcs3_vbp6pk4.js:0
[    7549ms] [WARNING] Failed parsing 'srcset' attribute value since it has an unknown descriptor. @ https://dev.shwapno.com/_next/static/chunks/3jcs3_vbp6pk4.js:0
[    7549ms] [WARNING] Dropped srcset candidate "https://d2aea4j8cd78rk.cloudfront.net/images/66b1d03cd0701d63ca7e644e_Other" @ https://dev.shwapno.com/_next/static/chunks/3jcs3_vbp6pk4.js:0
[    7549ms] [WARNING] Failed parsing 'srcset' attribute value since it has an unknown descriptor. @ https://dev.shwapno.com/_next/static/chunks/3jcs3_vbp6pk4.js:0
[    7549ms] [WARNING] Dropped srcset candidate "https://d2aea4j8cd78rk.cloudfront.net/images/66b1d03cd0701d63ca7e644e_Other" @ https://dev.shwapno.com/_next/static/chunks/3jcs3_vbp6pk4.js:0
[    7549ms] [WARNING] Failed parsing 'srcset' attribute value since it has an unknown descriptor. @ https://dev.shwapno.com/_next/static/chunks/3jcs3_vbp6pk4.js:0
[    7549ms] [WARNING] Dropped srcset candidate "https://d2aea4j8cd78rk.cloudfront.net/images/66b1d03cd0701d63ca7e644e_Other" @ https://dev.shwapno.com/_next/static/chunks/3jcs3_vbp6pk4.js:0
[    7549ms] [WARNING] Failed parsing 'srcset' attribute value since it has an unknown descriptor. @ https://dev.shwapno.com/_next/static/chunks/3jcs3_vbp6pk4.js:0
[    7549ms] [WARNING] Dropped srcset candidate "https://d2aea4j8cd78rk.cloudfront.net/images/66b1d03cd0701d63ca7e644e_Other" @ https://dev.shwapno.com/_next/static/chunks/3jcs3_vbp6pk4.js:0
[    7550ms] [WARNING] Failed parsing 'srcset' attribute value since it has an unknown descriptor. @ https://dev.shwapno.com/_next/static/chunks/3jcs3_vbp6pk4.js:0
[    7550ms] [WARNING] Dropped srcset candidate "https://d2aea4j8cd78rk.cloudfront.net/images/66b1d03cd0701d63ca7e644e_Other" @ https://dev.shwapno.com/_next/static/chunks/3jcs3_vbp6pk4.js:0
[    7550ms] [WARNING] Failed parsing 'srcset' attribute value since it has an unknown descriptor. @ https://dev.shwapno.com/_next/static/chunks/3jcs3_vbp6pk4.js:0
[    7550ms] [WARNING] Dropped srcset candidate "https://d2aea4j8cd78rk.cloudfront.net/images/66b1d03cd0701d63ca7e644e_Other" @ https://dev.shwapno.com/_next/static/chunks/3jcs3_vbp6pk4.js:0
[    7553ms] [WARNING] Failed parsing 'srcset' attribute value since it has an unknown descriptor. @ https://dev.shwapno.com/_next/static/chunks/3jcs3_vbp6pk4.js:0
[    7554ms] [WARNING] Dropped srcset candidate "https://d2aea4j8cd78rk.cloudfront.net/images/689ee44ec4156aac53c88a3f_Untitled" @ https://dev.shwapno.com/_next/static/chunks/3jcs3_vbp6pk4.js:0
[    7554ms] [WARNING] Failed parsing 'srcset' attribute value since it has an unknown descriptor. @ https://dev.shwapno.com/_next/static/chunks/3jcs3_vbp6pk4.js:0
[    7554ms] [WARNING] Dropped srcset candidate "https://d2aea4j8cd78rk.cloudfront.net/images/689ee44ec4156aac53c88a3f_Untitled" @ https://dev.shwapno.com/_next/static/chunks/3jcs3_vbp6pk4.js:0
[    7554ms] [WARNING] Failed parsing 'srcset' attribute value since it has an unknown descriptor. @ https://dev.shwapno.com/_next/static/chunks/3jcs3_vbp6pk4.js:0
[    7554ms] [WARNING] Dropped srcset candidate "https://d2aea4j8cd78rk.cloudfront.net/images/689ee44ec4156aac53c88a3f_Untitled" @ https://dev.shwapno.com/_next/static/chunks/3jcs3_vbp6pk4.js:0
[    7554ms] [WARNING] Failed parsing 'srcset' attribute value since it has an unknown descriptor. @ https://dev.shwapno.com/_next/static/chunks/3jcs3_vbp6pk4.js:0
[    7554ms] [WARNING] Dropped srcset candidate "https://d2aea4j8cd78rk.cloudfront.net/images/689ee44ec4156aac53c88a3f_Untitled" @ https://dev.shwapno.com/_next/static/chunks/3jcs3_vbp6pk4.js:0
[    7558ms] [WARNING] Failed parsing 'srcset' attribute value since it has an unknown descriptor. @ https://dev.shwapno.com/_next/static/chunks/3jcs3_vbp6pk4.js:0
[    7558ms] [WARNING] Dropped srcset candidate "https://d2aea4j8cd78rk.cloudfront.net/images/68383cec48709a7fcc60927d_20250529_1654_Manufacturer" @ https://dev.shwapno.com/_next/static/chunks/3jcs3_vbp6pk4.js:0
[    7558ms] [WARNING] Failed parsing 'srcset' attribute value since it has an unknown descriptor. @ https://dev.shwapno.com/_next/static/chunks/3jcs3_vbp6pk4.js:0
[    7558ms] [WARNING] Dropped srcset candidate "https://d2aea4j8cd78rk.cloudfront.net/images/68383cec48709a7fcc60927d_20250529_1654_Manufacturer" @ https://dev.shwapno.com/_next/static/chunks/3jcs3_vbp6pk4.js:0
[    7558ms] [WARNING] Failed parsing 'srcset' attribute value since it has an unknown descriptor. @ https://dev.shwapno.com/_next/static/chunks/3jcs3_vbp6pk4.js:0
[    7558ms] [WARNING] Dropped srcset candidate "https://d2aea4j8cd78rk.cloudfront.net/images/68383cec48709a7fcc60927d_20250529_1654_Manufacturer" @ https://dev.shwapno.com/_next/static/chunks/3jcs3_vbp6pk4.js:0
[    7558ms] [WARNING] Failed parsing 'srcset' attribute value since it has an unknown descriptor. @ https://dev.shwapno.com/_next/static/chunks/3jcs3_vbp6pk4.js:0
[    7558ms] [WARNING] Dropped srcset candidate "https://d2aea4j8cd78rk.cloudfront.net/images/68383cec48709a7fcc60927d_20250529_1654_Manufacturer" @ https://dev.shwapno.com/_next/static/chunks/3jcs3_vbp6pk4.js:0
[    7558ms] [WARNING] Failed parsing 'srcset' attribute value since it has an unknown descriptor. @ https://dev.shwapno.com/_next/static/chunks/3jcs3_vbp6pk4.js:0
[    7558ms] [WARNING] Dropped srcset candidate "https://d2aea4j8cd78rk.cloudfront.net/images/68383cec48709a7fcc60927d_20250529_1654_Manufacturer" @ https://dev.shwapno.com/_next/static/chunks/3jcs3_vbp6pk4.js:0
[    7558ms] [WARNING] Failed parsing 'srcset' attribute value since it has an unknown descriptor. @ https://dev.shwapno.com/_next/static/chunks/3jcs3_vbp6pk4.js:0
[    7558ms] [WARNING] Dropped srcset candidate "https://d2aea4j8cd78rk.cloudfront.net/images/68383cec48709a7fcc60927d_20250529_1654_Manufacturer" @ https://dev.shwapno.com/_next/static/chunks/3jcs3_vbp6pk4.js:0
[    7558ms] [WARNING] Failed parsing 'srcset' attribute value since it has an unknown descriptor. @ https://dev.shwapno.com/_next/static/chunks/3jcs3_vbp6pk4.js:0
[    7558ms] [WARNING] Dropped srcset candidate "https://d2aea4j8cd78rk.cloudfront.net/images/68383cec48709a7fcc60927d_20250529_1654_Manufacturer" @ https://dev.shwapno.com/_next/static/chunks/3jcs3_vbp6pk4.js:0
[    7558ms] [WARNING] Failed parsing 'srcset' attribute value since it has an unknown descriptor. @ https://dev.shwapno.com/_next/static/chunks/3jcs3_vbp6pk4.js:0
[    7558ms] [WARNING] Dropped srcset candidate "https://d2aea4j8cd78rk.cloudfront.net/images/68383cec48709a7fcc60927d_20250529_1654_Manufacturer" @ https://dev.shwapno.com/_next/static/chunks/3jcs3_vbp6pk4.js:0
[    7558ms] [WARNING] Failed parsing 'srcset' attribute value since it has an unknown descriptor. @ https://dev.shwapno.com/_next/static/chunks/3jcs3_vbp6pk4.js:0
[    7558ms] [WARNING] Dropped srcset candidate "https://d2aea4j8cd78rk.cloudfront.net/images/68383cec48709a7fcc60927d_20250529_1654_Manufacturer" @ https://dev.shwapno.com/_next/static/chunks/3jcs3_vbp6pk4.js:0
[    7558ms] [WARNING] Failed parsing 'srcset' attribute value since it has an unknown descriptor. @ https://dev.shwapno.com/_next/static/chunks/3jcs3_vbp6pk4.js:0
[    7559ms] [WARNING] Dropped srcset candidate "https://d2aea4j8cd78rk.cloudfront.net/images/68383cec48709a7fcc60927d_20250529_1654_Manufacturer" @ https://dev.shwapno.com/_next/static/chunks/3jcs3_vbp6pk4.js:0
[    7559ms] [WARNING] Failed parsing 'srcset' attribute value since it has an unknown descriptor. @ https://dev.shwapno.com/_next/static/chunks/3jcs3_vbp6pk4.js:0
[    7559ms] [WARNING] Dropped srcset candidate "https://d2aea4j8cd78rk.cloudfront.net/images/68383cec48709a7fcc60927d_20250529_1654_Manufacturer" @ https://dev.shwapno.com/_next/static/chunks/3jcs3_vbp6pk4.js:0
[    7559ms] [WARNING] Failed parsing 'srcset' attribute value since it has an unknown descriptor. @ https://dev.shwapno.com/_next/static/chunks/3jcs3_vbp6pk4.js:0
[    7559ms] [WARNING] Dropped srcset candidate "https://d2aea4j8cd78rk.cloudfront.net/images/68383cec48709a7fcc60927d_20250529_1654_Manufacturer" @ https://dev.shwapno.com/_next/static/chunks/3jcs3_vbp6pk4.js:0
[    7559ms] [WARNING] Failed parsing 'srcset' attribute value since it has an unknown descriptor. @ https://dev.shwapno.com/_next/static/chunks/3jcs3_vbp6pk4.js:0
[    7559ms] [WARNING] Dropped srcset candidate "https://d2aea4j8cd78rk.cloudfront.net/images/68383d9448709a7fcc609378_20250529_1656_Custom" @ https://dev.shwapno.com/_next/static/chunks/3jcs3_vbp6pk4.js:0
[    7559ms] [WARNING] Failed parsing 'srcset' attribute value since it has an unknown descriptor. @ https://dev.shwapno.com/_next/static/chunks/3jcs3_vbp6pk4.js:0
[    7559ms] [WARNING] Dropped srcset candidate "https://d2aea4j8cd78rk.cloudfront.net/images/68383d9448709a7fcc609378_20250529_1656_Custom" @ https://dev.shwapno.com/_next/static/chunks/3jcs3_vbp6pk4.js:0
[    7560ms] [WARNING] Failed parsing 'srcset' attribute value since it has an unknown descriptor. @ https://dev.shwapno.com/_next/static/chunks/3jcs3_vbp6pk4.js:0
[    7560ms] [WARNING] Dropped srcset candidate "https://d2aea4j8cd78rk.cloudfront.net/images/68383d9448709a7fcc609378_20250529_1656_Custom" @ https://dev.shwapno.com/_next/static/chunks/3jcs3_vbp6pk4.js:0
[    7560ms] [WARNING] Failed parsing 'srcset' attribute value since it has an unknown descriptor. @ https://dev.shwapno.com/_next/static/chunks/3jcs3_vbp6pk4.js:0
[    7560ms] [WARNING] Dropped srcset candidate "https://d2aea4j8cd78rk.cloudfront.net/images/68383d9448709a7fcc609378_20250529_1656_Custom" @ https://dev.shwapno.com/_next/static/chunks/3jcs3_vbp6pk4.js:0
[    7560ms] [WARNING] Failed parsing 'srcset' attribute value since it has an unknown descriptor. @ https://dev.shwapno.com/_next/static/chunks/3jcs3_vbp6pk4.js:0
[    7560ms] [WARNING] Dropped srcset candidate "https://d2aea4j8cd78rk.cloudfront.net/images/68383d9448709a7fcc609378_20250529_1656_Custom" @ https://dev.shwapno.com/_next/static/chunks/3jcs3_vbp6pk4.js:0
[    7560ms] [WARNING] Failed parsing 'srcset' attribute value since it has an unknown descriptor. @ https://dev.shwapno.com/_next/static/chunks/3jcs3_vbp6pk4.js:0
[    7560ms] [WARNING] Dropped srcset candidate "https://d2aea4j8cd78rk.cloudfront.net/images/68383d9448709a7fcc609378_20250529_1656_Custom" @ https://dev.shwapno.com/_next/static/chunks/3jcs3_vbp6pk4.js:0
[    7560ms] [WARNING] Failed parsing 'srcset' attribute value since it has an unknown descriptor. @ https://dev.shwapno.com/_next/static/chunks/3jcs3_vbp6pk4.js:0
[    7560ms] [WARNING] Dropped srcset candidate "https://d2aea4j8cd78rk.cloudfront.net/images/68383d9448709a7fcc609378_20250529_1656_Custom" @ https://dev.shwapno.com/_next/static/chunks/3jcs3_vbp6pk4.js:0
[    7560ms] [WARNING] Failed parsing 'srcset' attribute value since it has an unknown descriptor. @ https://dev.shwapno.com/_next/static/chunks/3jcs3_vbp6pk4.js:0
[    7560ms] [WARNING] Dropped srcset candidate "https://d2aea4j8cd78rk.cloudfront.net/images/68383d9448709a7fcc609378_20250529_1656_Custom" @ https://dev.shwapno.com/_next/static/chunks/3jcs3_vbp6pk4.js:0
[    7560ms] [WARNING] Failed parsing 'srcset' attribute value since it has an unknown descriptor. @ https://dev.shwapno.com/_next/static/chunks/3jcs3_vbp6pk4.js:0
[    7560ms] [WARNING] Dropped srcset candidate "https://d2aea4j8cd78rk.cloudfront.net/images/68383d9448709a7fcc609378_20250529_1656_Custom" @ https://dev.shwapno.com/_next/static/chunks/3jcs3_vbp6pk4.js:0
[    7560ms] [WARNING] Failed parsing 'srcset' attribute value since it has an unknown descriptor. @ https://dev.shwapno.com/_next/static/chunks/3jcs3_vbp6pk4.js:0
[    7560ms] [WARNING] Dropped srcset candidate "https://d2aea4j8cd78rk.cloudfront.net/images/68383d9448709a7fcc609378_20250529_1656_Custom" @ https://dev.shwapno.com/_next/static/chunks/3jcs3_vbp6pk4.js:0
[    7560ms] [WARNING] Failed parsing 'srcset' attribute value since it has an unknown descriptor. @ https://dev.shwapno.com/_next/static/chunks/3jcs3_vbp6pk4.js:0
[    7560ms] [WARNING] Dropped srcset candidate "https://d2aea4j8cd78rk.cloudfront.net/images/68383d9448709a7fcc609378_20250529_1656_Custom" @ https://dev.shwapno.com/_next/static/chunks/3jcs3_vbp6pk4.js:0
[    7560ms] [WARNING] Failed parsing 'srcset' attribute value since it has an unknown descriptor. @ https://dev.shwapno.com/_next/static/chunks/3jcs3_vbp6pk4.js:0
[    7560ms] [WARNING] Dropped srcset candidate "https://d2aea4j8cd78rk.cloudfront.net/images/68383d9448709a7fcc609378_20250529_1656_Custom" @ https://dev.shwapno.com/_next/static/chunks/3jcs3_vbp6pk4.js:0
[    7561ms] [WARNING] Failed parsing 'srcset' attribute value since it has an unknown descriptor. @ https://dev.shwapno.com/_next/static/chunks/3jcs3_vbp6pk4.js:0
[    7561ms] [WARNING] Dropped srcset candidate "https://d2aea4j8cd78rk.cloudfront.net/images/68383e7148709a7fcc6094cb_20250529_1700_Food" @ https://dev.shwapno.com/_next/static/chunks/3jcs3_vbp6pk4.js:0
[    7561ms] [WARNING] Failed parsing 'srcset' attribute value since it has an unknown descriptor. @ https://dev.shwapno.com/_next/static/chunks/3jcs3_vbp6pk4.js:0
[    7561ms] [WARNING] Dropped srcset candidate "https://d2aea4j8cd78rk.cloudfront.net/images/68383e7148709a7fcc6094cb_20250529_1700_Food" @ https://dev.shwapno.com/_next/static/chunks/3jcs3_vbp6pk4.js:0
[    7561ms] [WARNING] Failed parsing 'srcset' attribute value since it has an unknown descriptor. @ https://dev.shwapno.com/_next/static/chunks/3jcs3_vbp6pk4.js:0
[    7561ms] [WARNING] Dropped srcset candidate "https://d2aea4j8cd78rk.cloudfront.net/images/68383e7148709a7fcc6094cb_20250529_1700_Food" @ https://dev.shwapno.com/_next/static/chunks/3jcs3_vbp6pk4.js:0
[    7561ms] [WARNING] Failed parsing 'srcset' attribute value since it has an unknown descriptor. @ https://dev.shwapno.com/_next/static/chunks/3jcs3_vbp6pk4.js:0
[    7561ms] [WARNING] Dropped srcset candidate "https://d2aea4j8cd78rk.cloudfront.net/images/68383e7148709a7fcc6094cb_20250529_1700_Food" @ https://dev.shwapno.com/_next/static/chunks/3jcs3_vbp6pk4.js:0
[    7561ms] [WARNING] Failed parsing 'srcset' attribute value since it has an unknown descriptor. @ https://dev.shwapno.com/_next/static/chunks/3jcs3_vbp6pk4.js:0
[    7561ms] [WARNING] Dropped srcset candidate "https://d2aea4j8cd78rk.cloudfront.net/images/68383e7148709a7fcc6094cb_20250529_1700_Food" @ https://dev.shwapno.com/_next/static/chunks/3jcs3_vbp6pk4.js:0
[    7561ms] [WARNING] Failed parsing 'srcset' attribute value since it has an unknown descriptor. @ https://dev.shwapno.com/_next/static/chunks/3jcs3_vbp6pk4.js:0
[    7561ms] [WARNING] Dropped srcset candidate "https://d2aea4j8cd78rk.cloudfront.net/images/68383e7148709a7fcc6094cb_20250529_1700_Food" @ https://dev.shwapno.com/_next/static/chunks/3jcs3_vbp6pk4.js:0
[    7561ms] [WARNING] Failed parsing 'srcset' attribute value since it has an unknown descriptor. @ https://dev.shwapno.com/_next/static/chunks/3jcs3_vbp6pk4.js:0
[    7561ms] [WARNING] Dropped srcset candidate "https://d2aea4j8cd78rk.cloudfront.net/images/68383e7148709a7fcc6094cb_20250529_1700_Food" @ https://dev.shwapno.com/_next/static/chunks/3jcs3_vbp6pk4.js:0
[    7561ms] [WARNING] Failed parsing 'srcset' attribute value since it has an unknown descriptor. @ https://dev.shwapno.com/_next/static/chunks/3jcs3_vbp6pk4.js:0
[    7561ms] [WARNING] Dropped srcset candidate "https://d2aea4j8cd78rk.cloudfront.net/images/68383e7148709a7fcc6094cb_20250529_1700_Food" @ https://dev.shwapno.com/_next/static/chunks/3jcs3_vbp6pk4.js:0
[    7562ms] [WARNING] Failed parsing 'srcset' attribute value since it has an unknown descriptor. @ https://dev.shwapno.com/_next/static/chunks/3jcs3_vbp6pk4.js:0
[    7562ms] [WARNING] Dropped srcset candidate "https://d2aea4j8cd78rk.cloudfront.net/images/68383e7148709a7fcc6094cb_20250529_1700_Food" @ https://dev.shwapno.com/_next/static/chunks/3jcs3_vbp6pk4.js:0
[    7562ms] [WARNING] Failed parsing 'srcset' attribute value since it has an unknown descriptor. @ https://dev.shwapno.com/_next/static/chunks/3jcs3_vbp6pk4.js:0
[    7562ms] [WARNING] Dropped srcset candidate "https://d2aea4j8cd78rk.cloudfront.net/images/68383e7148709a7fcc6094cb_20250529_1700_Food" @ https://dev.shwapno.com/_next/static/chunks/3jcs3_vbp6pk4.js:0
[    7562ms] [WARNING] Failed parsing 'srcset' attribute value since it has an unknown descriptor. @ https://dev.shwapno.com/_next/static/chunks/3jcs3_vbp6pk4.js:0
[    7562ms] [WARNING] Dropped srcset candidate "https://d2aea4j8cd78rk.cloudfront.net/images/68383e7148709a7fcc6094cb_20250529_1700_Food" @ https://dev.shwapno.com/_next/static/chunks/3jcs3_vbp6pk4.js:0
[    7562ms] [WARNING] Failed parsing 'srcset' attribute value since it has an unknown descriptor. @ https://dev.shwapno.com/_next/static/chunks/3jcs3_vbp6pk4.js:0
[    7562ms] [WARNING] Dropped srcset candidate "https://d2aea4j8cd78rk.cloudfront.net/images/68383e7148709a7fcc6094cb_20250529_1700_Food" @ https://dev.shwapno.com/_next/static/chunks/3jcs3_vbp6pk4.js:0
[    7562ms] [WARNING] Failed parsing 'srcset' attribute value since it has an unknown descriptor. @ https://dev.shwapno.com/_next/static/chunks/3jcs3_vbp6pk4.js:0
[    7562ms] [WARNING] Dropped srcset candidate "https://d2aea4j8cd78rk.cloudfront.net/images/68383f1648709a7fcc60aedf_20250529_1703_Food" @ https://dev.shwapno.com/_next/static/chunks/3jcs3_vbp6pk4.js:0
[    7562ms] [WARNING] Failed parsing 'srcset' attribute value since it has an unknown descriptor. @ https://dev.shwapno.com/_next/static/chunks/3jcs3_vbp6pk4.js:0
[    7562ms] [WARNING] Dropped srcset candidate "https://d2aea4j8cd78rk.cloudfront.net/images/68383f1648709a7fcc60aedf_20250529_1703_Food" @ https://dev.shwapno.com/_next/static/chunks/3jcs3_vbp6pk4.js:0
[    7562ms] [WARNING] Failed parsing 'srcset' attribute value since it has an unknown descriptor. @ https://dev.shwapno.com/_next/static/chunks/3jcs3_vbp6pk4.js:0
[    7562ms] [WARNING] Dropped srcset candidate "https://d2aea4j8cd78rk.cloudfront.net/images/68383f1648709a7fcc60aedf_20250529_1703_Food" @ https://dev.shwapno.com/_next/static/chunks/3jcs3_vbp6pk4.js:0
[    7562ms] [WARNING] Failed parsing 'srcset' attribute value since it has an unknown descriptor. @ https://dev.shwapno.com/_next/static/chunks/3jcs3_vbp6pk4.js:0
[    7562ms] [WARNING] Dropped srcset candidate "https://d2aea4j8cd78rk.cloudfront.net/images/68383f1648709a7fcc60aedf_20250529_1703_Food" @ https://dev.shwapno.com/_next/static/chunks/3jcs3_vbp6pk4.js:0
[    7563ms] [WARNING] Failed parsing 'srcset' attribute value since it has an unknown descriptor. @ https://dev.shwapno.com/_next/static/chunks/3jcs3_vbp6pk4.js:0
[    7563ms] [WARNING] Dropped srcset candidate "https://d2aea4j8cd78rk.cloudfront.net/images/68383f1648709a7fcc60aedf_20250529_1703_Food" @ https://dev.shwapno.com/_next/static/chunks/3jcs3_vbp6pk4.js:0
[    7563ms] [WARNING] Failed parsing 'srcset' attribute value since it has an unknown descriptor. @ https://dev.shwapno.com/_next/static/chunks/3jcs3_vbp6pk4.js:0
[    7563ms] [WARNING] Dropped srcset candidate "https://d2aea4j8cd78rk.cloudfront.net/images/68383f1648709a7fcc60aedf_20250529_1703_Food" @ https://dev.shwapno.com/_next/static/chunks/3jcs3_vbp6pk4.js:0
[    7563ms] [WARNING] Failed parsing 'srcset' attribute value since it has an unknown descriptor. @ https://dev.shwapno.com/_next/static/chunks/3jcs3_vbp6pk4.js:0
[    7563ms] [WARNING] Dropped srcset candidate "https://d2aea4j8cd78rk.cloudfront.net/images/68383f1648709a7fcc60aedf_20250529_1703_Food" @ https://dev.shwapno.com/_next/static/chunks/3jcs3_vbp6pk4.js:0
[    7563ms] [WARNING] Failed parsing 'srcset' attribute value since it has an unknown descriptor. @ https://dev.shwapno.com/_next/static/chunks/3jcs3_vbp6pk4.js:0
[    7563ms] [WARNING] Dropped srcset candidate "https://d2aea4j8cd78rk.cloudfront.net/images/68383f1648709a7fcc60aedf_20250529_1703_Food" @ https://dev.shwapno.com/_next/static/chunks/3jcs3_vbp6pk4.js:0
[    7563ms] [WARNING] Failed parsing 'srcset' attribute value since it has an unknown descriptor. @ https://dev.shwapno.com/_next/static/chunks/3jcs3_vbp6pk4.js:0
[    7563ms] [WARNING] Dropped srcset candidate "https://d2aea4j8cd78rk.cloudfront.net/images/68383f1648709a7fcc60aedf_20250529_1703_Food" @ https://dev.shwapno.com/_next/static/chunks/3jcs3_vbp6pk4.js:0
[    7563ms] [WARNING] Failed parsing 'srcset' attribute value since it has an unknown descriptor. @ https://dev.shwapno.com/_next/static/chunks/3jcs3_vbp6pk4.js:0
[    7563ms] [WARNING] Dropped srcset candidate "https://d2aea4j8cd78rk.cloudfront.net/images/68383f1648709a7fcc60aedf_20250529_1703_Food" @ https://dev.shwapno.com/_next/static/chunks/3jcs3_vbp6pk4.js:0
[    7563ms] [WARNING] Failed parsing 'srcset' attribute value since it has an unknown descriptor. @ https://dev.shwapno.com/_next/static/chunks/3jcs3_vbp6pk4.js:0
[    7563ms] [WARNING] Dropped srcset candidate "https://d2aea4j8cd78rk.cloudfront.net/images/68383f1648709a7fcc60aedf_20250529_1703_Food" @ https://dev.shwapno.com/_next/static/chunks/3jcs3_vbp6pk4.js:0
[    7563ms] [WARNING] Failed parsing 'srcset' attribute value since it has an unknown descriptor. @ https://dev.shwapno.com/_next/static/chunks/3jcs3_vbp6pk4.js:0
[    7563ms] [WARNING] Dropped srcset candidate "https://d2aea4j8cd78rk.cloudfront.net/images/68383f1648709a7fcc60aedf_20250529_1703_Food" @ https://dev.shwapno.com/_next/static/chunks/3jcs3_vbp6pk4.js:0
[    7563ms] [WARNING] Failed parsing 'srcset' attribute value since it has an unknown descriptor. @ https://dev.shwapno.com/_next/static/chunks/3jcs3_vbp6pk4.js:0
[    7563ms] [WARNING] Dropped srcset candidate "https://d2aea4j8cd78rk.cloudfront.net/images/68383fc848709a7fcc60b0d7_20250529_1706_Background" @ https://dev.shwapno.com/_next/static/chunks/3jcs3_vbp6pk4.js:0
[    7563ms] [WARNING] Failed parsing 'srcset' attribute value since it has an unknown descriptor. @ https://dev.shwapno.com/_next/static/chunks/3jcs3_vbp6pk4.js:0
[    7563ms] [WARNING] Dropped srcset candidate "https://d2aea4j8cd78rk.cloudfront.net/images/68383fc848709a7fcc60b0d7_20250529_1706_Background" @ https://dev.shwapno.com/_next/static/chunks/3jcs3_vbp6pk4.js:0
[    7563ms] [WARNING] Failed parsing 'srcset' attribute value since it has an unknown descriptor. @ https://dev.shwapno.com/_next/static/chunks/3jcs3_vbp6pk4.js:0
[    7563ms] [WARNING] Dropped srcset candidate "https://d2aea4j8cd78rk.cloudfront.net/images/68383fc848709a7fcc60b0d7_20250529_1706_Background" @ https://dev.shwapno.com/_next/static/chunks/3jcs3_vbp6pk4.js:0
[    7564ms] [WARNING] Failed parsing 'srcset' attribute value since it has an unknown descriptor. @ https://dev.shwapno.com/_next/static/chunks/3jcs3_vbp6pk4.js:0
[    7564ms] [WARNING] Dropped srcset candidate "https://d2aea4j8cd78rk.cloudfront.net/images/68383fc848709a7fcc60b0d7_20250529_1706_Background" @ https://dev.shwapno.com/_next/static/chunks/3jcs3_vbp6pk4.js:0
[    7564ms] [WARNING] Failed parsing 'srcset' attribute value since it has an unknown descriptor. @ https://dev.shwapno.com/_next/static/chunks/3jcs3_vbp6pk4.js:0
[    7564ms] [WARNING] Dropped srcset candidate "https://d2aea4j8cd78rk.cloudfront.net/images/68383fc848709a7fcc60b0d7_20250529_1706_Background" @ https://dev.shwapno.com/_next/static/chunks/3jcs3_vbp6pk4.js:0
[    7564ms] [WARNING] Failed parsing 'srcset' attribute value since it has an unknown descriptor. @ https://dev.shwapno.com/_next/static/chunks/3jcs3_vbp6pk4.js:0
[    7564ms] [WARNING] Dropped srcset candidate "https://d2aea4j8cd78rk.cloudfront.net/images/68383fc848709a7fcc60b0d7_20250529_1706_Background" @ https://dev.shwapno.com/_next/static/chunks/3jcs3_vbp6pk4.js:0
[    7564ms] [WARNING] Failed parsing 'srcset' attribute value since it has an unknown descriptor. @ https://dev.shwapno.com/_next/static/chunks/3jcs3_vbp6pk4.js:0
[    7564ms] [WARNING] Dropped srcset candidate "https://d2aea4j8cd78rk.cloudfront.net/images/68383fc848709a7fcc60b0d7_20250529_1706_Background" @ https://dev.shwapno.com/_next/static/chunks/3jcs3_vbp6pk4.js:0
[    7564ms] [WARNING] Failed parsing 'srcset' attribute value since it has an unknown descriptor. @ https://dev.shwapno.com/_next/static/chunks/3jcs3_vbp6pk4.js:0
[    7564ms] [WARNING] Dropped srcset candidate "https://d2aea4j8cd78rk.cloudfront.net/images/68383fc848709a7fcc60b0d7_20250529_1706_Background" @ https://dev.shwapno.com/_next/static/chunks/3jcs3_vbp6pk4.js:0
[    7564ms] [WARNING] Failed parsing 'srcset' attribute value since it has an unknown descriptor. @ https://dev.shwapno.com/_next/static/chunks/3jcs3_vbp6pk4.js:0
[    7564ms] [WARNING] Dropped srcset candidate "https://d2aea4j8cd78rk.cloudfront.net/images/68383fc848709a7fcc60b0d7_20250529_1706_Background" @ https://dev.shwapno.com/_next/static/chunks/3jcs3_vbp6pk4.js:0
[    7564ms] [WARNING] Failed parsing 'srcset' attribute value since it has an unknown descriptor. @ https://dev.shwapno.com/_next/static/chunks/3jcs3_vbp6pk4.js:0
[    7564ms] [WARNING] Dropped srcset candidate "https://d2aea4j8cd78rk.cloudfront.net/images/68383fc848709a7fcc60b0d7_20250529_1706_Background" @ https://dev.shwapno.com/_next/static/chunks/3jcs3_vbp6pk4.js:0
[    7564ms] [WARNING] Failed parsing 'srcset' attribute value since it has an unknown descriptor. @ https://dev.shwapno.com/_next/static/chunks/3jcs3_vbp6pk4.js:0
[    7564ms] [WARNING] Dropped srcset candidate "https://d2aea4j8cd78rk.cloudfront.net/images/68383fc848709a7fcc60b0d7_20250529_1706_Background" @ https://dev.shwapno.com/_next/static/chunks/3jcs3_vbp6pk4.js:0
[    7564ms] [WARNING] Failed parsing 'srcset' attribute value since it has an unknown descriptor. @ https://dev.shwapno.com/_next/static/chunks/3jcs3_vbp6pk4.js:0
[    7564ms] [WARNING] Dropped srcset candidate "https://d2aea4j8cd78rk.cloudfront.net/images/68383fc848709a7fcc60b0d7_20250529_1706_Background" @ https://dev.shwapno.com/_next/static/chunks/3jcs3_vbp6pk4.js:0
[    7565ms] [WARNING] Failed parsing 'srcset' attribute value since it has an unknown descriptor. @ https://dev.shwapno.com/_next/static/chunks/3jcs3_vbp6pk4.js:0
[    7565ms] [WARNING] Dropped srcset candidate "https://d2aea4j8cd78rk.cloudfront.net/images/6838405b48709a7fcc60b293_20250529_1708_Nature" @ https://dev.shwapno.com/_next/static/chunks/3jcs3_vbp6pk4.js:0
[    7565ms] [WARNING] Failed parsing 'srcset' attribute value since it has an unknown descriptor. @ https://dev.shwapno.com/_next/static/chunks/3jcs3_vbp6pk4.js:0
[    7565ms] [WARNING] Dropped srcset candidate "https://d2aea4j8cd78rk.cloudfront.net/images/6838405b48709a7fcc60b293_20250529_1708_Nature" @ https://dev.shwapno.com/_next/static/chunks/3jcs3_vbp6pk4.js:0
[    7565ms] [WARNING] Failed parsing 'srcset' attribute value since it has an unknown descriptor. @ https://dev.shwapno.com/_next/static/chunks/3jcs3_vbp6pk4.js:0
[    7565ms] [WARNING] Dropped srcset candidate "https://d2aea4j8cd78rk.cloudfront.net/images/6838405b48709a7fcc60b293_20250529_1708_Nature" @ https://dev.shwapno.com/_next/static/chunks/3jcs3_vbp6pk4.js:0
[    7565ms] [WARNING] Failed parsing 'srcset' attribute value since it has an unknown descriptor. @ https://dev.shwapno.com/_next/static/chunks/3jcs3_vbp6pk4.js:0
[    7565ms] [WARNING] Dropped srcset candidate "https://d2aea4j8cd78rk.cloudfront.net/images/6838405b48709a7fcc60b293_20250529_1708_Nature" @ https://dev.shwapno.com/_next/static/chunks/3jcs3_vbp6pk4.js:0
[    7565ms] [WARNING] Failed parsing 'srcset' attribute value since it has an unknown descriptor. @ https://dev.shwapno.com/_next/static/chunks/3jcs3_vbp6pk4.js:0
[    7565ms] [WARNING] Dropped srcset candidate "https://d2aea4j8cd78rk.cloudfront.net/images/6838405b48709a7fcc60b293_20250529_1708_Nature" @ https://dev.shwapno.com/_next/static/chunks/3jcs3_vbp6pk4.js:0
[    7565ms] [WARNING] Failed parsing 'srcset' attribute value since it has an unknown descriptor. @ https://dev.shwapno.com/_next/static/chunks/3jcs3_vbp6pk4.js:0
[    7565ms] [WARNING] Dropped srcset candidate "https://d2aea4j8cd78rk.cloudfront.net/images/6838405b48709a7fcc60b293_20250529_1708_Nature" @ https://dev.shwapno.com/_next/static/chunks/3jcs3_vbp6pk4.js:0
[    7565ms] [WARNING] Failed parsing 'srcset' attribute value since it has an unknown descriptor. @ https://dev.shwapno.com/_next/static/chunks/3jcs3_vbp6pk4.js:0
[    7565ms] [WARNING] Dropped srcset candidate "https://d2aea4j8cd78rk.cloudfront.net/images/6838405b48709a7fcc60b293_20250529_1708_Nature" @ https://dev.shwapno.com/_next/static/chunks/3jcs3_vbp6pk4.js:0
[    7565ms] [WARNING] Failed parsing 'srcset' attribute value since it has an unknown descriptor. @ https://dev.shwapno.com/_next/static/chunks/3jcs3_vbp6pk4.js:0
[    7565ms] [WARNING] Dropped srcset candidate "https://d2aea4j8cd78rk.cloudfront.net/images/6838405b48709a7fcc60b293_20250529_1708_Nature" @ https://dev.shwapno.com/_next/static/chunks/3jcs3_vbp6pk4.js:0
[    7565ms] [WARNING] Failed parsing 'srcset' attribute value since it has an unknown descriptor. @ https://dev.shwapno.com/_next/static/chunks/3jcs3_vbp6pk4.js:0
[    7565ms] [WARNING] Dropped srcset candidate "https://d2aea4j8cd78rk.cloudfront.net/images/6838405b48709a7fcc60b293_20250529_1708_Nature" @ https://dev.shwapno.com/_next/static/chunks/3jcs3_vbp6pk4.js:0
[    7565ms] [WARNING] Failed parsing 'srcset' attribute value since it has an unknown descriptor. @ https://dev.shwapno.com/_next/static/chunks/3jcs3_vbp6pk4.js:0
[    7565ms] [WARNING] Dropped srcset candidate "https://d2aea4j8cd78rk.cloudfront.net/images/6838405b48709a7fcc60b293_20250529_1708_Nature" @ https://dev.shwapno.com/_next/static/chunks/3jcs3_vbp6pk4.js:0
[    7565ms] [WARNING] Failed parsing 'srcset' attribute value since it has an unknown descriptor. @ https://dev.shwapno.com/_next/static/chunks/3jcs3_vbp6pk4.js:0
[    7565ms] [WARNING] Dropped srcset candidate "https://d2aea4j8cd78rk.cloudfront.net/images/6838405b48709a7fcc60b293_20250529_1708_Nature" @ https://dev.shwapno.com/_next/static/chunks/3jcs3_vbp6pk4.js:0
[    7565ms] [WARNING] Failed parsing 'srcset' attribute value since it has an unknown descriptor. @ https://dev.shwapno.com/_next/static/chunks/3jcs3_vbp6pk4.js:0
[    7565ms] [WARNING] Dropped srcset candidate "https://d2aea4j8cd78rk.cloudfront.net/images/6838405b48709a7fcc60b293_20250529_1708_Nature" @ https://dev.shwapno.com/_next/static/chunks/3jcs3_vbp6pk4.js:0
[    7568ms] [WARNING] Failed parsing 'srcset' attribute value since it has an unknown descriptor. @ https://dev.shwapno.com/_next/static/chunks/3jcs3_vbp6pk4.js:0
[    7568ms] [WARNING] Dropped srcset candidate "https://d2aea4j8cd78rk.cloudfront.net/images/6838418d48709a7fcc60b401_20250529_1714_E-commerce" @ https://dev.shwapno.com/_next/static/chunks/3jcs3_vbp6pk4.js:0
[    7568ms] [WARNING] Failed parsing 'srcset' attribute value since it has an unknown descriptor. @ https://dev.shwapno.com/_next/static/chunks/3jcs3_vbp6pk4.js:0
[    7568ms] [WARNING] Dropped srcset candidate "https://d2aea4j8cd78rk.cloudfront.net/images/6838418d48709a7fcc60b401_20250529_1714_E-commerce" @ https://dev.shwapno.com/_next/static/chunks/3jcs3_vbp6pk4.js:0
[    7568ms] [WARNING] Failed parsing 'srcset' attribute value since it has an unknown descriptor. @ https://dev.shwapno.com/_next/static/chunks/3jcs3_vbp6pk4.js:0
[    7568ms] [WARNING] Dropped srcset candidate "https://d2aea4j8cd78rk.cloudfront.net/images/6838418d48709a7fcc60b401_20250529_1714_E-commerce" @ https://dev.shwapno.com/_next/static/chunks/3jcs3_vbp6pk4.js:0
[    7568ms] [WARNING] Failed parsing 'srcset' attribute value since it has an unknown descriptor. @ https://dev.shwapno.com/_next/static/chunks/3jcs3_vbp6pk4.js:0
[    7568ms] [WARNING] Dropped srcset candidate "https://d2aea4j8cd78rk.cloudfront.net/images/6838418d48709a7fcc60b401_20250529_1714_E-commerce" @ https://dev.shwapno.com/_next/static/chunks/3jcs3_vbp6pk4.js:0
[    7568ms] [WARNING] Failed parsing 'srcset' attribute value since it has an unknown descriptor. @ https://dev.shwapno.com/_next/static/chunks/3jcs3_vbp6pk4.js:0
[    7568ms] [WARNING] Dropped srcset candidate "https://d2aea4j8cd78rk.cloudfront.net/images/6838418d48709a7fcc60b401_20250529_1714_E-commerce" @ https://dev.shwapno.com/_next/static/chunks/3jcs3_vbp6pk4.js:0
[    7568ms] [WARNING] Failed parsing 'srcset' attribute value since it has an unknown descriptor. @ https://dev.shwapno.com/_next/static/chunks/3jcs3_vbp6pk4.js:0
[    7568ms] [WARNING] Dropped srcset candidate "https://d2aea4j8cd78rk.cloudfront.net/images/6838418d48709a7fcc60b401_20250529_1714_E-commerce" @ https://dev.shwapno.com/_next/static/chunks/3jcs3_vbp6pk4.js:0
[    7568ms] [WARNING] Failed parsing 'srcset' attribute value since it has an unknown descriptor. @ https://dev.shwapno.com/_next/static/chunks/3jcs3_vbp6pk4.js:0
[    7568ms] [WARNING] Dropped srcset candidate "https://d2aea4j8cd78rk.cloudfront.net/images/6838418d48709a7fcc60b401_20250529_1714_E-commerce" @ https://dev.shwapno.com/_next/static/chunks/3jcs3_vbp6pk4.js:0
[    7568ms] [WARNING] Failed parsing 'srcset' attribute value since it has an unknown descriptor. @ https://dev.shwapno.com/_next/static/chunks/3jcs3_vbp6pk4.js:0
[    7568ms] [WARNING] Dropped srcset candidate "https://d2aea4j8cd78rk.cloudfront.net/images/6838418d48709a7fcc60b401_20250529_1714_E-commerce" @ https://dev.shwapno.com/_next/static/chunks/3jcs3_vbp6pk4.js:0
[    7569ms] [WARNING] Failed parsing 'srcset' attribute value since it has an unknown descriptor. @ https://dev.shwapno.com/_next/static/chunks/3jcs3_vbp6pk4.js:0
[    7569ms] [WARNING] Dropped srcset candidate "https://d2aea4j8cd78rk.cloudfront.net/images/6838418d48709a7fcc60b401_20250529_1714_E-commerce" @ https://dev.shwapno.com/_next/static/chunks/3jcs3_vbp6pk4.js:0
[    7569ms] [WARNING] Failed parsing 'srcset' attribute value since it has an unknown descriptor. @ https://dev.shwapno.com/_next/static/chunks/3jcs3_vbp6pk4.js:0
[    7569ms] [WARNING] Dropped srcset candidate "https://d2aea4j8cd78rk.cloudfront.net/images/6838418d48709a7fcc60b401_20250529_1714_E-commerce" @ https://dev.shwapno.com/_next/static/chunks/3jcs3_vbp6pk4.js:0
[    7569ms] [WARNING] Failed parsing 'srcset' attribute value since it has an unknown descriptor. @ https://dev.shwapno.com/_next/static/chunks/3jcs3_vbp6pk4.js:0
[    7569ms] [WARNING] Dropped srcset candidate "https://d2aea4j8cd78rk.cloudfront.net/images/6838418d48709a7fcc60b401_20250529_1714_E-commerce" @ https://dev.shwapno.com/_next/static/chunks/3jcs3_vbp6pk4.js:0
[    7569ms] [WARNING] Failed parsing 'srcset' attribute value since it has an unknown descriptor. @ https://dev.shwapno.com/_next/static/chunks/3jcs3_vbp6pk4.js:0
[    7569ms] [WARNING] Dropped srcset candidate "https://d2aea4j8cd78rk.cloudfront.net/images/6838418d48709a7fcc60b401_20250529_1714_E-commerce" @ https://dev.shwapno.com/_next/static/chunks/3jcs3_vbp6pk4.js:0
[    7569ms] [WARNING] Failed parsing 'srcset' attribute value since it has an unknown descriptor. @ https://dev.shwapno.com/_next/static/chunks/3jcs3_vbp6pk4.js:0
[    7570ms] [WARNING] Dropped srcset candidate "https://d2aea4j8cd78rk.cloudfront.net/images/6838422648709a7fcc60b599_20250529_1716_E-commerce" @ https://dev.shwapno.com/_next/static/chunks/3jcs3_vbp6pk4.js:0
[    7570ms] [WARNING] Failed parsing 'srcset' attribute value since it has an unknown descriptor. @ https://dev.shwapno.com/_next/static/chunks/3jcs3_vbp6pk4.js:0
[    7570ms] [WARNING] Dropped srcset candidate "https://d2aea4j8cd78rk.cloudfront.net/images/6838422648709a7fcc60b599_20250529_1716_E-commerce" @ https://dev.shwapno.com/_next/static/chunks/3jcs3_vbp6pk4.js:0
[    7570ms] [WARNING] Failed parsing 'srcset' attribute value since it has an unknown descriptor. @ https://dev.shwapno.com/_next/static/chunks/3jcs3_vbp6pk4.js:0
[    7570ms] [WARNING] Dropped srcset candidate "https://d2aea4j8cd78rk.cloudfront.net/images/6838422648709a7fcc60b599_20250529_1716_E-commerce" @ https://dev.shwapno.com/_next/static/chunks/3jcs3_vbp6pk4.js:0
[    7570ms] [WARNING] Failed parsing 'srcset' attribute value since it has an unknown descriptor. @ https://dev.shwapno.com/_next/static/chunks/3jcs3_vbp6pk4.js:0
[    7570ms] [WARNING] Dropped srcset candidate "https://d2aea4j8cd78rk.cloudfront.net/images/6838422648709a7fcc60b599_20250529_1716_E-commerce" @ https://dev.shwapno.com/_next/static/chunks/3jcs3_vbp6pk4.js:0
[    7570ms] [WARNING] Failed parsing 'srcset' attribute value since it has an unknown descriptor. @ https://dev.shwapno.com/_next/static/chunks/3jcs3_vbp6pk4.js:0
[    7570ms] [WARNING] Dropped srcset candidate "https://d2aea4j8cd78rk.cloudfront.net/images/6838422648709a7fcc60b599_20250529_1716_E-commerce" @ https://dev.shwapno.com/_next/static/chunks/3jcs3_vbp6pk4.js:0
[    7570ms] [WARNING] Failed parsing 'srcset' attribute value since it has an unknown descriptor. @ https://dev.shwapno.com/_next/static/chunks/3jcs3_vbp6pk4.js:0
[    7570ms] [WARNING] Dropped srcset candidate "https://d2aea4j8cd78rk.cloudfront.net/images/6838422648709a7fcc60b599_20250529_1716_E-commerce" @ https://dev.shwapno.com/_next/static/chunks/3jcs3_vbp6pk4.js:0
[    7570ms] [WARNING] Failed parsing 'srcset' attribute value since it has an unknown descriptor. @ https://dev.shwapno.com/_next/static/chunks/3jcs3_vbp6pk4.js:0
[    7570ms] [WARNING] Dropped srcset candidate "https://d2aea4j8cd78rk.cloudfront.net/images/6838422648709a7fcc60b599_20250529_1716_E-commerce" @ https://dev.shwapno.com/_next/static/chunks/3jcs3_vbp6pk4.js:0
[    7570ms] [WARNING] Failed parsing 'srcset' attribute value since it has an unknown descriptor. @ https://dev.shwapno.com/_next/static/chunks/3jcs3_vbp6pk4.js:0
[    7570ms] [WARNING] Dropped srcset candidate "https://d2aea4j8cd78rk.cloudfront.net/images/6838422648709a7fcc60b599_20250529_1716_E-commerce" @ https://dev.shwapno.com/_next/static/chunks/3jcs3_vbp6pk4.js:0
[    7570ms] [WARNING] Failed parsing 'srcset' attribute value since it has an unknown descriptor. @ https://dev.shwapno.com/_next/static/chunks/3jcs3_vbp6pk4.js:0
[    7570ms] [WARNING] Dropped srcset candidate "https://d2aea4j8cd78rk.cloudfront.net/images/6838422648709a7fcc60b599_20250529_1716_E-commerce" @ https://dev.shwapno.com/_next/static/chunks/3jcs3_vbp6pk4.js:0
[    7570ms] [WARNING] Failed parsing 'srcset' attribute value since it has an unknown descriptor. @ https://dev.shwapno.com/_next/static/chunks/3jcs3_vbp6pk4.js:0
[    7570ms] [WARNING] Dropped srcset candidate "https://d2aea4j8cd78rk.cloudfront.net/images/6838422648709a7fcc60b599_20250529_1716_E-commerce" @ https://dev.shwapno.com/_next/static/chunks/3jcs3_vbp6pk4.js:0
[    7570ms] [WARNING] Failed parsing 'srcset' attribute value since it has an unknown descriptor. @ https://dev.shwapno.com/_next/static/chunks/3jcs3_vbp6pk4.js:0
[    7570ms] [WARNING] Dropped srcset candidate "https://d2aea4j8cd78rk.cloudfront.net/images/6838422648709a7fcc60b599_20250529_1716_E-commerce" @ https://dev.shwapno.com/_next/static/chunks/3jcs3_vbp6pk4.js:0
[    7570ms] [WARNING] Failed parsing 'srcset' attribute value since it has an unknown descriptor. @ https://dev.shwapno.com/_next/static/chunks/3jcs3_vbp6pk4.js:0
[    7570ms] [WARNING] Dropped srcset candidate "https://d2aea4j8cd78rk.cloudfront.net/images/6838422648709a7fcc60b599_20250529_1716_E-commerce" @ https://dev.shwapno.com/_next/static/chunks/3jcs3_vbp6pk4.js:0
[    7571ms] [WARNING] Failed parsing 'srcset' attribute value since its 'w' descriptor is invalid. @ https://dev.shwapno.com/_next/static/chunks/3jcs3_vbp6pk4.js:0
[    7571ms] [WARNING] Dropped srcset candidate "https://d2aea4j8cd78rk.cloudfront.net/images/68385f1f7c609990b97a868b_20250529_1718_E-commerce" @ https://dev.shwapno.com/_next/static/chunks/3jcs3_vbp6pk4.js:0
[    7571ms] [WARNING] Failed parsing 'srcset' attribute value since its 'w' descriptor is invalid. @ https://dev.shwapno.com/_next/static/chunks/3jcs3_vbp6pk4.js:0
[    7571ms] [WARNING] Dropped srcset candidate "https://d2aea4j8cd78rk.cloudfront.net/images/68385f1f7c609990b97a868b_20250529_1718_E-commerce" @ https://dev.shwapno.com/_next/static/chunks/3jcs3_vbp6pk4.js:0
[    7571ms] [WARNING] Failed parsing 'srcset' attribute value since its 'w' descriptor is invalid. @ https://dev.shwapno.com/_next/static/chunks/3jcs3_vbp6pk4.js:0
[    7571ms] [WARNING] Dropped srcset candidate "https://d2aea4j8cd78rk.cloudfront.net/images/68385f1f7c609990b97a868b_20250529_1718_E-commerce" @ https://dev.shwapno.com/_next/static/chunks/3jcs3_vbp6pk4.js:0
[    7571ms] [WARNING] Failed parsing 'srcset' attribute value since its 'w' descriptor is invalid. @ https://dev.shwapno.com/_next/static/chunks/3jcs3_vbp6pk4.js:0
[    7571ms] [WARNING] Dropped srcset candidate "https://d2aea4j8cd78rk.cloudfront.net/images/68385f1f7c609990b97a868b_20250529_1718_E-commerce" @ https://dev.shwapno.com/_next/static/chunks/3jcs3_vbp6pk4.js:0
[    7571ms] [WARNING] Failed parsing 'srcset' attribute value since its 'w' descriptor is invalid. @ https://dev.shwapno.com/_next/static/chunks/3jcs3_vbp6pk4.js:0
[    7571ms] [WARNING] Dropped srcset candidate "https://d2aea4j8cd78rk.cloudfront.net/images/68385f1f7c609990b97a868b_20250529_1718_E-commerce" @ https://dev.shwapno.com/_next/static/chunks/3jcs3_vbp6pk4.js:0
[    7571ms] [WARNING] Failed parsing 'srcset' attribute value since its 'w' descriptor is invalid. @ https://dev.shwapno.com/_next/static/chunks/3jcs3_vbp6pk4.js:0
[    7572ms] [WARNING] Dropped srcset candidate "https://d2aea4j8cd78rk.cloudfront.net/images/68385f1f7c609990b97a868b_20250529_1718_E-commerce" @ https://dev.shwapno.com/_next/static/chunks/3jcs3_vbp6pk4.js:0
[    7572ms] [WARNING] Failed parsing 'srcset' attribute value since its 'w' descriptor is invalid. @ https://dev.shwapno.com/_next/static/chunks/3jcs3_vbp6pk4.js:0
[    7572ms] [WARNING] Dropped srcset candidate "https://d2aea4j8cd78rk.cloudfront.net/images/68385f1f7c609990b97a868b_20250529_1718_E-commerce" @ https://dev.shwapno.com/_next/static/chunks/3jcs3_vbp6pk4.js:0
[    7572ms] [WARNING] Failed parsing 'srcset' attribute value since its 'w' descriptor is invalid. @ https://dev.shwapno.com/_next/static/chunks/3jcs3_vbp6pk4.js:0
[    7572ms] [WARNING] Dropped srcset candidate "https://d2aea4j8cd78rk.cloudfront.net/images/68385f1f7c609990b97a868b_20250529_1718_E-commerce" @ https://dev.shwapno.com/_next/static/chunks/3jcs3_vbp6pk4.js:0
[    7572ms] [WARNING] Failed parsing 'srcset' attribute value since its 'w' descriptor is invalid. @ https://dev.shwapno.com/_next/static/chunks/3jcs3_vbp6pk4.js:0
[    7572ms] [WARNING] Dropped srcset candidate "https://d2aea4j8cd78rk.cloudfront.net/images/68385f1f7c609990b97a868b_20250529_1718_E-commerce" @ https://dev.shwapno.com/_next/static/chunks/3jcs3_vbp6pk4.js:0
[    7572ms] [WARNING] Failed parsing 'srcset' attribute value since its 'w' descriptor is invalid. @ https://dev.shwapno.com/_next/static/chunks/3jcs3_vbp6pk4.js:0
[    7572ms] [WARNING] Dropped srcset candidate "https://d2aea4j8cd78rk.cloudfront.net/images/68385f1f7c609990b97a868b_20250529_1718_E-commerce" @ https://dev.shwapno.com/_next/static/chunks/3jcs3_vbp6pk4.js:0
[    7572ms] [WARNING] Failed parsing 'srcset' attribute value since its 'w' descriptor is invalid. @ https://dev.shwapno.com/_next/static/chunks/3jcs3_vbp6pk4.js:0
[    7572ms] [WARNING] Dropped srcset candidate "https://d2aea4j8cd78rk.cloudfront.net/images/68385f1f7c609990b97a868b_20250529_1718_E-commerce" @ https://dev.shwapno.com/_next/static/chunks/3jcs3_vbp6pk4.js:0
[    7572ms] [WARNING] Failed parsing 'srcset' attribute value since its 'w' descriptor is invalid. @ https://dev.shwapno.com/_next/static/chunks/3jcs3_vbp6pk4.js:0
[    7572ms] [WARNING] Dropped srcset candidate "https://d2aea4j8cd78rk.cloudfront.net/images/68385f1f7c609990b97a868b_20250529_1718_E-commerce" @ https://dev.shwapno.com/_next/static/chunks/3jcs3_vbp6pk4.js:0
[    7577ms] [WARNING] Failed parsing 'srcset' attribute value since it has an unknown descriptor. @ https://dev.shwapno.com/_next/static/chunks/3jcs3_vbp6pk4.js:0
[    7577ms] [WARNING] Dropped srcset candidate "https://d2aea4j8cd78rk.cloudfront.net/images/6838437748709a7fcc60b94f_20250529_1722_Contact" @ https://dev.shwapno.com/_next/static/chunks/3jcs3_vbp6pk4.js:0
[    7577ms] [WARNING] Failed parsing 'srcset' attribute value since it has an unknown descriptor. @ https://dev.shwapno.com/_next/static/chunks/3jcs3_vbp6pk4.js:0
[    7577ms] [WARNING] Dropped srcset candidate "https://d2aea4j8cd78rk.cloudfront.net/images/6838437748709a7fcc60b94f_20250529_1722_Contact" @ https://dev.shwapno.com/_next/static/chunks/3jcs3_vbp6pk4.js:0
[    7577ms] [WARNING] Failed parsing 'srcset' attribute value since it has an unknown descriptor. @ https://dev.shwapno.com/_next/static/chunks/3jcs3_vbp6pk4.js:0
[    7577ms] [WARNING] Dropped srcset candidate "https://d2aea4j8cd78rk.cloudfront.net/images/6838437748709a7fcc60b94f_20250529_1722_Contact" @ https://dev.shwapno.com/_next/static/chunks/3jcs3_vbp6pk4.js:0
[    7577ms] [WARNING] Failed parsing 'srcset' attribute value since it has an unknown descriptor. @ https://dev.shwapno.com/_next/static/chunks/3jcs3_vbp6pk4.js:0
[    7577ms] [WARNING] Dropped srcset candidate "https://d2aea4j8cd78rk.cloudfront.net/images/6838437748709a7fcc60b94f_20250529_1722_Contact" @ https://dev.shwapno.com/_next/static/chunks/3jcs3_vbp6pk4.js:0
[    7577ms] [WARNING] Failed parsing 'srcset' attribute value since it has an unknown descriptor. @ https://dev.shwapno.com/_next/static/chunks/3jcs3_vbp6pk4.js:0
[    7577ms] [WARNING] Dropped srcset candidate "https://d2aea4j8cd78rk.cloudfront.net/images/6838437748709a7fcc60b94f_20250529_1722_Contact" @ https://dev.shwapno.com/_next/static/chunks/3jcs3_vbp6pk4.js:0
[    7577ms] [WARNING] Failed parsing 'srcset' attribute value since it has an unknown descriptor. @ https://dev.shwapno.com/_next/static/chunks/3jcs3_vbp6pk4.js:0
[    7577ms] [WARNING] Dropped srcset candidate "https://d2aea4j8cd78rk.cloudfront.net/images/6838437748709a7fcc60b94f_20250529_1722_Contact" @ https://dev.shwapno.com/_next/static/chunks/3jcs3_vbp6pk4.js:0
[    7577ms] [WARNING] Failed parsing 'srcset' attribute value since it has an unknown descriptor. @ https://dev.shwapno.com/_next/static/chunks/3jcs3_vbp6pk4.js:0
[    7577ms] [WARNING] Dropped srcset candidate "https://d2aea4j8cd78rk.cloudfront.net/images/6838437748709a7fcc60b94f_20250529_1722_Contact" @ https://dev.shwapno.com/_next/static/chunks/3jcs3_vbp6pk4.js:0
[    7577ms] [WARNING] Failed parsing 'srcset' attribute value since it has an unknown descriptor. @ https://dev.shwapno.com/_next/static/chunks/3jcs3_vbp6pk4.js:0
[    7577ms] [WARNING] Dropped srcset candidate "https://d2aea4j8cd78rk.cloudfront.net/images/6838437748709a7fcc60b94f_20250529_1722_Contact" @ https://dev.shwapno.com/_next/static/chunks/3jcs3_vbp6pk4.js:0
[    7577ms] [WARNING] Failed parsing 'srcset' attribute value since it has an unknown descriptor. @ https://dev.shwapno.com/_next/static/chunks/3jcs3_vbp6pk4.js:0
[    7577ms] [WARNING] Dropped srcset candidate "https://d2aea4j8cd78rk.cloudfront.net/images/6838437748709a7fcc60b94f_20250529_1722_Contact" @ https://dev.shwapno.com/_next/static/chunks/3jcs3_vbp6pk4.js:0
[    7577ms] [WARNING] Failed parsing 'srcset' attribute value since it has an unknown descriptor. @ https://dev.shwapno.com/_next/static/chunks/3jcs3_vbp6pk4.js:0
[    7577ms] [WARNING] Dropped srcset candidate "https://d2aea4j8cd78rk.cloudfront.net/images/6838437748709a7fcc60b94f_20250529_1722_Contact" @ https://dev.shwapno.com/_next/static/chunks/3jcs3_vbp6pk4.js:0
[    7577ms] [WARNING] Failed parsing 'srcset' attribute value since it has an unknown descriptor. @ https://dev.shwapno.com/_next/static/chunks/3jcs3_vbp6pk4.js:0
[    7578ms] [WARNING] Dropped srcset candidate "https://d2aea4j8cd78rk.cloudfront.net/images/6838437748709a7fcc60b94f_20250529_1722_Contact" @ https://dev.shwapno.com/_next/static/chunks/3jcs3_vbp6pk4.js:0
[    7578ms] [WARNING] Failed parsing 'srcset' attribute value since it has an unknown descriptor. @ https://dev.shwapno.com/_next/static/chunks/3jcs3_vbp6pk4.js:0
[    7578ms] [WARNING] Dropped srcset candidate "https://d2aea4j8cd78rk.cloudfront.net/images/6838437748709a7fcc60b94f_20250529_1722_Contact" @ https://dev.shwapno.com/_next/static/chunks/3jcs3_vbp6pk4.js:0
[    7578ms] [WARNING] Failed parsing 'srcset' attribute value since it has an unknown descriptor. @ https://dev.shwapno.com/_next/static/chunks/3jcs3_vbp6pk4.js:0
[    7578ms] [WARNING] Dropped srcset candidate "https://d2aea4j8cd78rk.cloudfront.net/images/683959e0ff273eecb5daee14_Custom" @ https://dev.shwapno.com/_next/static/chunks/3jcs3_vbp6pk4.js:0
[    7578ms] [WARNING] Failed parsing 'srcset' attribute value since it has an unknown descriptor. @ https://dev.shwapno.com/_next/static/chunks/3jcs3_vbp6pk4.js:0
[    7578ms] [WARNING] Dropped srcset candidate "https://d2aea4j8cd78rk.cloudfront.net/images/683959e0ff273eecb5daee14_Custom" @ https://dev.shwapno.com/_next/static/chunks/3jcs3_vbp6pk4.js:0
[    7578ms] [WARNING] Failed parsing 'srcset' attribute value since it has an unknown descriptor. @ https://dev.shwapno.com/_next/static/chunks/3jcs3_vbp6pk4.js:0
[    7578ms] [WARNING] Dropped srcset candidate "https://d2aea4j8cd78rk.cloudfront.net/images/683959e0ff273eecb5daee14_Custom" @ https://dev.shwapno.com/_next/static/chunks/3jcs3_vbp6pk4.js:0
[    7578ms] [WARNING] Failed parsing 'srcset' attribute value since it has an unknown descriptor. @ https://dev.shwapno.com/_next/static/chunks/3jcs3_vbp6pk4.js:0
[    7578ms] [WARNING] Dropped srcset candidate "https://d2aea4j8cd78rk.cloudfront.net/images/683959e0ff273eecb5daee14_Custom" @ https://dev.shwapno.com/_next/static/chunks/3jcs3_vbp6pk4.js:0
[    7578ms] [WARNING] Failed parsing 'srcset' attribute value since it has an unknown descriptor. @ https://dev.shwapno.com/_next/static/chunks/3jcs3_vbp6pk4.js:0
[    7578ms] [WARNING] Dropped srcset candidate "https://d2aea4j8cd78rk.cloudfront.net/images/683959e0ff273eecb5daee14_Custom" @ https://dev.shwapno.com/_next/static/chunks/3jcs3_vbp6pk4.js:0
[    7579ms] [WARNING] Failed parsing 'srcset' attribute value since it has an unknown descriptor. @ https://dev.shwapno.com/_next/static/chunks/3jcs3_vbp6pk4.js:0
[    7579ms] [WARNING] Dropped srcset candidate "https://d2aea4j8cd78rk.cloudfront.net/images/683959e0ff273eecb5daee14_Custom" @ https://dev.shwapno.com/_next/static/chunks/3jcs3_vbp6pk4.js:0
[    7579ms] [WARNING] Failed parsing 'srcset' attribute value since it has an unknown descriptor. @ https://dev.shwapno.com/_next/static/chunks/3jcs3_vbp6pk4.js:0
[    7579ms] [WARNING] Dropped srcset candidate "https://d2aea4j8cd78rk.cloudfront.net/images/683959e0ff273eecb5daee14_Custom" @ https://dev.shwapno.com/_next/static/chunks/3jcs3_vbp6pk4.js:0
[    7579ms] [WARNING] Failed parsing 'srcset' attribute value since it has an unknown descriptor. @ https://dev.shwapno.com/_next/static/chunks/3jcs3_vbp6pk4.js:0
[    7579ms] [WARNING] Dropped srcset candidate "https://d2aea4j8cd78rk.cloudfront.net/images/683959e0ff273eecb5daee14_Custom" @ https://dev.shwapno.com/_next/static/chunks/3jcs3_vbp6pk4.js:0
[    7579ms] [WARNING] Failed parsing 'srcset' attribute value since it has an unknown descriptor. @ https://dev.shwapno.com/_next/static/chunks/3jcs3_vbp6pk4.js:0
[    7579ms] [WARNING] Dropped srcset candidate "https://d2aea4j8cd78rk.cloudfront.net/images/683959e0ff273eecb5daee14_Custom" @ https://dev.shwapno.com/_next/static/chunks/3jcs3_vbp6pk4.js:0
[    7579ms] [WARNING] Failed parsing 'srcset' attribute value since it has an unknown descriptor. @ https://dev.shwapno.com/_next/static/chunks/3jcs3_vbp6pk4.js:0
[    7579ms] [WARNING] Dropped srcset candidate "https://d2aea4j8cd78rk.cloudfront.net/images/683959e0ff273eecb5daee14_Custom" @ https://dev.shwapno.com/_next/static/chunks/3jcs3_vbp6pk4.js:0
[    7579ms] [WARNING] Failed parsing 'srcset' attribute value since it has an unknown descriptor. @ https://dev.shwapno.com/_next/static/chunks/3jcs3_vbp6pk4.js:0
[    7579ms] [WARNING] Dropped srcset candidate "https://d2aea4j8cd78rk.cloudfront.net/images/683959e0ff273eecb5daee14_Custom" @ https://dev.shwapno.com/_next/static/chunks/3jcs3_vbp6pk4.js:0
[    7579ms] [WARNING] Failed parsing 'srcset' attribute value since it has an unknown descriptor. @ https://dev.shwapno.com/_next/static/chunks/3jcs3_vbp6pk4.js:0
[    7579ms] [WARNING] Dropped srcset candidate "https://d2aea4j8cd78rk.cloudfront.net/images/683959e0ff273eecb5daee14_Custom" @ https://dev.shwapno.com/_next/static/chunks/3jcs3_vbp6pk4.js:0
[    7579ms] [WARNING] Failed parsing 'srcset' attribute value since it has an unknown descriptor. @ https://dev.shwapno.com/_next/static/chunks/3jcs3_vbp6pk4.js:0
[    7579ms] [WARNING] Dropped srcset candidate "https://d2aea4j8cd78rk.cloudfront.net/images/689ef70c1f62b2a03a1fd4ad_Untitled" @ https://dev.shwapno.com/_next/static/chunks/3jcs3_vbp6pk4.js:0
[    7579ms] [WARNING] Failed parsing 'srcset' attribute value since it has an unknown descriptor. @ https://dev.shwapno.com/_next/static/chunks/3jcs3_vbp6pk4.js:0
[    7579ms] [WARNING] Dropped srcset candidate "https://d2aea4j8cd78rk.cloudfront.net/images/689ef70c1f62b2a03a1fd4ad_Untitled" @ https://dev.shwapno.com/_next/static/chunks/3jcs3_vbp6pk4.js:0
[    7579ms] [WARNING] Failed parsing 'srcset' attribute value since it has an unknown descriptor. @ https://dev.shwapno.com/_next/static/chunks/3jcs3_vbp6pk4.js:0
[    7580ms] [WARNING] Dropped srcset candidate "https://d2aea4j8cd78rk.cloudfront.net/images/689ef70c1f62b2a03a1fd4ad_Untitled" @ https://dev.shwapno.com/_next/static/chunks/3jcs3_vbp6pk4.js:0
[    7580ms] [WARNING] Failed parsing 'srcset' attribute value since it has an unknown descriptor. @ https://dev.shwapno.com/_next/static/chunks/3jcs3_vbp6pk4.js:0
[    7580ms] [WARNING] Dropped srcset candidate "https://d2aea4j8cd78rk.cloudfront.net/images/689ef70c1f62b2a03a1fd4ad_Untitled" @ https://dev.shwapno.com/_next/static/chunks/3jcs3_vbp6pk4.js:0
[    7580ms] [WARNING] Failed parsing 'srcset' attribute value since it has an unknown descriptor. @ https://dev.shwapno.com/_next/static/chunks/3jcs3_vbp6pk4.js:0
[    7580ms] [WARNING] Dropped srcset candidate "https://d2aea4j8cd78rk.cloudfront.net/images/689ef70c1f62b2a03a1fd4ad_Untitled" @ https://dev.shwapno.com/_next/static/chunks/3jcs3_vbp6pk4.js:0
[    7580ms] [WARNING] Failed parsing 'srcset' attribute value since it has an unknown descriptor. @ https://dev.shwapno.com/_next/static/chunks/3jcs3_vbp6pk4.js:0
[    7580ms] [WARNING] Dropped srcset candidate "https://d2aea4j8cd78rk.cloudfront.net/images/689ef70c1f62b2a03a1fd4ad_Untitled" @ https://dev.shwapno.com/_next/static/chunks/3jcs3_vbp6pk4.js:0
[    7580ms] [WARNING] Failed parsing 'srcset' attribute value since it has an unknown descriptor. @ https://dev.shwapno.com/_next/static/chunks/3jcs3_vbp6pk4.js:0
[    7580ms] [WARNING] Dropped srcset candidate "https://d2aea4j8cd78rk.cloudfront.net/images/689ef70c1f62b2a03a1fd4ad_Untitled" @ https://dev.shwapno.com/_next/static/chunks/3jcs3_vbp6pk4.js:0
[    7580ms] [WARNING] Failed parsing 'srcset' attribute value since it has an unknown descriptor. @ https://dev.shwapno.com/_next/static/chunks/3jcs3_vbp6pk4.js:0
[    7580ms] [WARNING] Dropped srcset candidate "https://d2aea4j8cd78rk.cloudfront.net/images/689ef70c1f62b2a03a1fd4ad_Untitled" @ https://dev.shwapno.com/_next/static/chunks/3jcs3_vbp6pk4.js:0
[    7580ms] [WARNING] Failed parsing 'srcset' attribute value since it has an unknown descriptor. @ https://dev.shwapno.com/_next/static/chunks/3jcs3_vbp6pk4.js:0
[    7580ms] [WARNING] Dropped srcset candidate "https://d2aea4j8cd78rk.cloudfront.net/images/689ef70c1f62b2a03a1fd4ad_Untitled" @ https://dev.shwapno.com/_next/static/chunks/3jcs3_vbp6pk4.js:0
[    7580ms] [WARNING] Failed parsing 'srcset' attribute value since it has an unknown descriptor. @ https://dev.shwapno.com/_next/static/chunks/3jcs3_vbp6pk4.js:0
[    7580ms] [WARNING] Dropped srcset candidate "https://d2aea4j8cd78rk.cloudfront.net/images/689ef70c1f62b2a03a1fd4ad_Untitled" @ https://dev.shwapno.com/_next/static/chunks/3jcs3_vbp6pk4.js:0
[    7580ms] [WARNING] Failed parsing 'srcset' attribute value since it has an unknown descriptor. @ https://dev.shwapno.com/_next/static/chunks/3jcs3_vbp6pk4.js:0
[    7580ms] [WARNING] Dropped srcset candidate "https://d2aea4j8cd78rk.cloudfront.net/images/689ef70c1f62b2a03a1fd4ad_Untitled" @ https://dev.shwapno.com/_next/static/chunks/3jcs3_vbp6pk4.js:0
[    7580ms] [WARNING] Failed parsing 'srcset' attribute value since it has an unknown descriptor. @ https://dev.shwapno.com/_next/static/chunks/3jcs3_vbp6pk4.js:0
[    7580ms] [WARNING] Dropped srcset candidate "https://d2aea4j8cd78rk.cloudfront.net/images/689ef70c1f62b2a03a1fd4ad_Untitled" @ https://dev.shwapno.com/_next/static/chunks/3jcs3_vbp6pk4.js:0
[    7580ms] [WARNING] Failed parsing 'srcset' attribute value since it has an unknown descriptor. @ https://dev.shwapno.com/_next/static/chunks/3jcs3_vbp6pk4.js:0
[    7580ms] [WARNING] Dropped srcset candidate "https://d2aea4j8cd78rk.cloudfront.net/images/677f5db4913ca3099e54974a_6720b9bddc217b2fa1ecbab8_BIG" @ https://dev.shwapno.com/_next/static/chunks/3jcs3_vbp6pk4.js:0
[    7581ms] [WARNING] Failed parsing 'srcset' attribute value since it has an unknown descriptor. @ https://dev.shwapno.com/_next/static/chunks/3jcs3_vbp6pk4.js:0
[    7581ms] [WARNING] Dropped srcset candidate "https://d2aea4j8cd78rk.cloudfront.net/images/677f5db4913ca3099e54974a_6720b9bddc217b2fa1ecbab8_BIG" @ https://dev.shwapno.com/_next/static/chunks/3jcs3_vbp6pk4.js:0
[    7581ms] [WARNING] Failed parsing 'srcset' attribute value since it has an unknown descriptor. @ https://dev.shwapno.com/_next/static/chunks/3jcs3_vbp6pk4.js:0
[    7581ms] [WARNING] Dropped srcset candidate "https://d2aea4j8cd78rk.cloudfront.net/images/677f5db4913ca3099e54974a_6720b9bddc217b2fa1ecbab8_BIG" @ https://dev.shwapno.com/_next/static/chunks/3jcs3_vbp6pk4.js:0
[    7581ms] [WARNING] Failed parsing 'srcset' attribute value since it has an unknown descriptor. @ https://dev.shwapno.com/_next/static/chunks/3jcs3_vbp6pk4.js:0
[    7581ms] [WARNING] Dropped srcset candidate "https://d2aea4j8cd78rk.cloudfront.net/images/677f5db4913ca3099e54974a_6720b9bddc217b2fa1ecbab8_BIG" @ https://dev.shwapno.com/_next/static/chunks/3jcs3_vbp6pk4.js:0
[    7581ms] [WARNING] Failed parsing 'srcset' attribute value since it has an unknown descriptor. @ https://dev.shwapno.com/_next/static/chunks/3jcs3_vbp6pk4.js:0
[    7581ms] [WARNING] Dropped srcset candidate "https://d2aea4j8cd78rk.cloudfront.net/images/677f5db4913ca3099e54974a_6720b9bddc217b2fa1ecbab8_BIG" @ https://dev.shwapno.com/_next/static/chunks/3jcs3_vbp6pk4.js:0
[    7581ms] [WARNING] Failed parsing 'srcset' attribute value since it has an unknown descriptor. @ https://dev.shwapno.com/_next/static/chunks/3jcs3_vbp6pk4.js:0
[    7581ms] [WARNING] Dropped srcset candidate "https://d2aea4j8cd78rk.cloudfront.net/images/677f5db4913ca3099e54974a_6720b9bddc217b2fa1ecbab8_BIG" @ https://dev.shwapno.com/_next/static/chunks/3jcs3_vbp6pk4.js:0
[    7581ms] [WARNING] Failed parsing 'srcset' attribute value since it has an unknown descriptor. @ https://dev.shwapno.com/_next/static/chunks/3jcs3_vbp6pk4.js:0
[    7581ms] [WARNING] Dropped srcset candidate "https://d2aea4j8cd78rk.cloudfront.net/images/677f5db4913ca3099e54974a_6720b9bddc217b2fa1ecbab8_BIG" @ https://dev.shwapno.com/_next/static/chunks/3jcs3_vbp6pk4.js:0
[    7581ms] [WARNING] Failed parsing 'srcset' attribute value since it has an unknown descriptor. @ https://dev.shwapno.com/_next/static/chunks/3jcs3_vbp6pk4.js:0
[    7581ms] [WARNING] Dropped srcset candidate "https://d2aea4j8cd78rk.cloudfront.net/images/677f5db4913ca3099e54974a_6720b9bddc217b2fa1ecbab8_BIG" @ https://dev.shwapno.com/_next/static/chunks/3jcs3_vbp6pk4.js:0
[    7581ms] [WARNING] Failed parsing 'srcset' attribute value since it has an unknown descriptor. @ https://dev.shwapno.com/_next/static/chunks/3jcs3_vbp6pk4.js:0
[    7581ms] [WARNING] Dropped srcset candidate "https://d2aea4j8cd78rk.cloudfront.net/images/677f5db4913ca3099e54974a_6720b9bddc217b2fa1ecbab8_BIG" @ https://dev.shwapno.com/_next/static/chunks/3jcs3_vbp6pk4.js:0
[    7581ms] [WARNING] Failed parsing 'srcset' attribute value since it has an unknown descriptor. @ https://dev.shwapno.com/_next/static/chunks/3jcs3_vbp6pk4.js:0
[    7581ms] [WARNING] Dropped srcset candidate "https://d2aea4j8cd78rk.cloudfront.net/images/677f5db4913ca3099e54974a_6720b9bddc217b2fa1ecbab8_BIG" @ https://dev.shwapno.com/_next/static/chunks/3jcs3_vbp6pk4.js:0
[    7581ms] [WARNING] Failed parsing 'srcset' attribute value since it has an unknown descriptor. @ https://dev.shwapno.com/_next/static/chunks/3jcs3_vbp6pk4.js:0
[    7581ms] [WARNING] Dropped srcset candidate "https://d2aea4j8cd78rk.cloudfront.net/images/677f5db4913ca3099e54974a_6720b9bddc217b2fa1ecbab8_BIG" @ https://dev.shwapno.com/_next/static/chunks/3jcs3_vbp6pk4.js:0
[    7581ms] [WARNING] Failed parsing 'srcset' attribute value since it has an unknown descriptor. @ https://dev.shwapno.com/_next/static/chunks/3jcs3_vbp6pk4.js:0
[    7581ms] [WARNING] Dropped srcset candidate "https://d2aea4j8cd78rk.cloudfront.net/images/677f5db4913ca3099e54974a_6720b9bddc217b2fa1ecbab8_BIG" @ https://dev.shwapno.com/_next/static/chunks/3jcs3_vbp6pk4.js:0
[    7582ms] [WARNING] Failed parsing 'srcset' attribute value since it has an unknown descriptor. @ https://dev.shwapno.com/_next/static/chunks/3jcs3_vbp6pk4.js:0
[    7582ms] [WARNING] Dropped srcset candidate "https://d2aea4j8cd78rk.cloudfront.net/images/677f5df0913ca3099e54ff8d_671e4909dc217b2fa1738524_uniliver" @ https://dev.shwapno.com/_next/static/chunks/3jcs3_vbp6pk4.js:0
[    7582ms] [WARNING] Failed parsing 'srcset' attribute value since it has an unknown descriptor. @ https://dev.shwapno.com/_next/static/chunks/3jcs3_vbp6pk4.js:0
[    7582ms] [WARNING] Dropped srcset candidate "https://d2aea4j8cd78rk.cloudfront.net/images/677f5df0913ca3099e54ff8d_671e4909dc217b2fa1738524_uniliver" @ https://dev.shwapno.com/_next/static/chunks/3jcs3_vbp6pk4.js:0
[    7582ms] [WARNING] Failed parsing 'srcset' attribute value since it has an unknown descriptor. @ https://dev.shwapno.com/_next/static/chunks/3jcs3_vbp6pk4.js:0
[    7582ms] [WARNING] Dropped srcset candidate "https://d2aea4j8cd78rk.cloudfront.net/images/677f5df0913ca3099e54ff8d_671e4909dc217b2fa1738524_uniliver" @ https://dev.shwapno.com/_next/static/chunks/3jcs3_vbp6pk4.js:0
[    7582ms] [WARNING] Failed parsing 'srcset' attribute value since it has an unknown descriptor. @ https://dev.shwapno.com/_next/static/chunks/3jcs3_vbp6pk4.js:0
[    7582ms] [WARNING] Dropped srcset candidate "https://d2aea4j8cd78rk.cloudfront.net/images/677f5df0913ca3099e54ff8d_671e4909dc217b2fa1738524_uniliver" @ https://dev.shwapno.com/_next/static/chunks/3jcs3_vbp6pk4.js:0
[    7582ms] [WARNING] Failed parsing 'srcset' attribute value since it has an unknown descriptor. @ https://dev.shwapno.com/_next/static/chunks/3jcs3_vbp6pk4.js:0
[    7582ms] [WARNING] Dropped srcset candidate "https://d2aea4j8cd78rk.cloudfront.net/images/677f5df0913ca3099e54ff8d_671e4909dc217b2fa1738524_uniliver" @ https://dev.shwapno.com/_next/static/chunks/3jcs3_vbp6pk4.js:0
[    7582ms] [WARNING] Failed parsing 'srcset' attribute value since it has an unknown descriptor. @ https://dev.shwapno.com/_next/static/chunks/3jcs3_vbp6pk4.js:0
[    7582ms] [WARNING] Dropped srcset candidate "https://d2aea4j8cd78rk.cloudfront.net/images/677f5df0913ca3099e54ff8d_671e4909dc217b2fa1738524_uniliver" @ https://dev.shwapno.com/_next/static/chunks/3jcs3_vbp6pk4.js:0
[    7582ms] [WARNING] Failed parsing 'srcset' attribute value since it has an unknown descriptor. @ https://dev.shwapno.com/_next/static/chunks/3jcs3_vbp6pk4.js:0
[    7582ms] [WARNING] Dropped srcset candidate "https://d2aea4j8cd78rk.cloudfront.net/images/677f5df0913ca3099e54ff8d_671e4909dc217b2fa1738524_uniliver" @ https://dev.shwapno.com/_next/static/chunks/3jcs3_vbp6pk4.js:0
[    7582ms] [WARNING] Failed parsing 'srcset' attribute value since it has an unknown descriptor. @ https://dev.shwapno.com/_next/static/chunks/3jcs3_vbp6pk4.js:0
[    7582ms] [WARNING] Dropped srcset candidate "https://d2aea4j8cd78rk.cloudfront.net/images/677f5df0913ca3099e54ff8d_671e4909dc217b2fa1738524_uniliver" @ https://dev.shwapno.com/_next/static/chunks/3jcs3_vbp6pk4.js:0
[    7582ms] [WARNING] Failed parsing 'srcset' attribute value since it has an unknown descriptor. @ https://dev.shwapno.com/_next/static/chunks/3jcs3_vbp6pk4.js:0
[    7582ms] [WARNING] Dropped srcset candidate "https://d2aea4j8cd78rk.cloudfront.net/images/677f5df0913ca3099e54ff8d_671e4909dc217b2fa1738524_uniliver" @ https://dev.shwapno.com/_next/static/chunks/3jcs3_vbp6pk4.js:0
[    7582ms] [WARNING] Failed parsing 'srcset' attribute value since it has an unknown descriptor. @ https://dev.shwapno.com/_next/static/chunks/3jcs3_vbp6pk4.js:0
[    7582ms] [WARNING] Dropped srcset candidate "https://d2aea4j8cd78rk.cloudfront.net/images/677f5df0913ca3099e54ff8d_671e4909dc217b2fa1738524_uniliver" @ https://dev.shwapno.com/_next/static/chunks/3jcs3_vbp6pk4.js:0
[    7582ms] [WARNING] Failed parsing 'srcset' attribute value since it has an unknown descriptor. @ https://dev.shwapno.com/_next/static/chunks/3jcs3_vbp6pk4.js:0
[    7583ms] [WARNING] Dropped srcset candidate "https://d2aea4j8cd78rk.cloudfront.net/images/677f5df0913ca3099e54ff8d_671e4909dc217b2fa1738524_uniliver" @ https://dev.shwapno.com/_next/static/chunks/3jcs3_vbp6pk4.js:0
[    7583ms] [WARNING] Failed parsing 'srcset' attribute value since it has an unknown descriptor. @ https://dev.shwapno.com/_next/static/chunks/3jcs3_vbp6pk4.js:0
[    7583ms] [WARNING] Dropped srcset candidate "https://d2aea4j8cd78rk.cloudfront.net/images/677f5df0913ca3099e54ff8d_671e4909dc217b2fa1738524_uniliver" @ https://dev.shwapno.com/_next/static/chunks/3jcs3_vbp6pk4.js:0
[    7585ms] [WARNING] Failed parsing 'srcset' attribute value since it has an unknown descriptor. @ https://dev.shwapno.com/_next/static/chunks/3jcs3_vbp6pk4.js:0
[    7585ms] [WARNING] Dropped srcset candidate "https://d2aea4j8cd78rk.cloudfront.net/images/689ef3241f62b2a03a1c2367_Untitled" @ https://dev.shwapno.com/_next/static/chunks/3jcs3_vbp6pk4.js:0
[    7585ms] [WARNING] Failed parsing 'srcset' attribute value since it has an unknown descriptor. @ https://dev.shwapno.com/_next/static/chunks/3jcs3_vbp6pk4.js:0
[    7585ms] [WARNING] Dropped srcset candidate "https://d2aea4j8cd78rk.cloudfront.net/images/689ef3241f62b2a03a1c2367_Untitled" @ https://dev.shwapno.com/_next/static/chunks/3jcs3_vbp6pk4.js:0
[    7585ms] [WARNING] Failed parsing 'srcset' attribute value since it has an unknown descriptor. @ https://dev.shwapno.com/_next/static/chunks/3jcs3_vbp6pk4.js:0
[    7585ms] [WARNING] Dropped srcset candidate "https://d2aea4j8cd78rk.cloudfront.net/images/689ef3241f62b2a03a1c2367_Untitled" @ https://dev.shwapno.com/_next/static/chunks/3jcs3_vbp6pk4.js:0
[    7585ms] [WARNING] Failed parsing 'srcset' attribute value since it has an unknown descriptor. @ https://dev.shwapno.com/_next/static/chunks/3jcs3_vbp6pk4.js:0
[    7585ms] [WARNING] Dropped srcset candidate "https://d2aea4j8cd78rk.cloudfront.net/images/689ef3241f62b2a03a1c2367_Untitled" @ https://dev.shwapno.com/_next/static/chunks/3jcs3_vbp6pk4.js:0
[    7585ms] [WARNING] Failed parsing 'srcset' attribute value since it has an unknown descriptor. @ https://dev.shwapno.com/_next/static/chunks/3jcs3_vbp6pk4.js:0
[    7585ms] [WARNING] Dropped srcset candidate "https://d2aea4j8cd78rk.cloudfront.net/images/689ef3241f62b2a03a1c2367_Untitled" @ https://dev.shwapno.com/_next/static/chunks/3jcs3_vbp6pk4.js:0
[    7585ms] [WARNING] Failed parsing 'srcset' attribute value since it has an unknown descriptor. @ https://dev.shwapno.com/_next/static/chunks/3jcs3_vbp6pk4.js:0
[    7585ms] [WARNING] Dropped srcset candidate "https://d2aea4j8cd78rk.cloudfront.net/images/689ef3241f62b2a03a1c2367_Untitled" @ https://dev.shwapno.com/_next/static/chunks/3jcs3_vbp6pk4.js:0
[    7585ms] [WARNING] Failed parsing 'srcset' attribute value since it has an unknown descriptor. @ https://dev.shwapno.com/_next/static/chunks/3jcs3_vbp6pk4.js:0
[    7585ms] [WARNING] Dropped srcset candidate "https://d2aea4j8cd78rk.cloudfront.net/images/689ef3241f62b2a03a1c2367_Untitled" @ https://dev.shwapno.com/_next/static/chunks/3jcs3_vbp6pk4.js:0
[    7585ms] [WARNING] Failed parsing 'srcset' attribute value since it has an unknown descriptor. @ https://dev.shwapno.com/_next/static/chunks/3jcs3_vbp6pk4.js:0
[    7585ms] [WARNING] Dropped srcset candidate "https://d2aea4j8cd78rk.cloudfront.net/images/689ef3241f62b2a03a1c2367_Untitled" @ https://dev.shwapno.com/_next/static/chunks/3jcs3_vbp6pk4.js:0
[    7585ms] [WARNING] Failed parsing 'srcset' attribute value since it has an unknown descriptor. @ https://dev.shwapno.com/_next/static/chunks/3jcs3_vbp6pk4.js:0
[    7585ms] [WARNING] Dropped srcset candidate "https://d2aea4j8cd78rk.cloudfront.net/images/689ef3241f62b2a03a1c2367_Untitled" @ https://dev.shwapno.com/_next/static/chunks/3jcs3_vbp6pk4.js:0
[    7585ms] [WARNING] Failed parsing 'srcset' attribute value since it has an unknown descriptor. @ https://dev.shwapno.com/_next/static/chunks/3jcs3_vbp6pk4.js:0
[    7585ms] [WARNING] Dropped srcset candidate "https://d2aea4j8cd78rk.cloudfront.net/images/689ef3241f62b2a03a1c2367_Untitled" @ https://dev.shwapno.com/_next/static/chunks/3jcs3_vbp6pk4.js:0
[    7585ms] [WARNING] Failed parsing 'srcset' attribute value since it has an unknown descriptor. @ https://dev.shwapno.com/_next/static/chunks/3jcs3_vbp6pk4.js:0
[    7585ms] [WARNING] Dropped srcset candidate "https://d2aea4j8cd78rk.cloudfront.net/images/689ef3241f62b2a03a1c2367_Untitled" @ https://dev.shwapno.com/_next/static/chunks/3jcs3_vbp6pk4.js:0
[    7586ms] [WARNING] Failed parsing 'srcset' attribute value since it has an unknown descriptor. @ https://dev.shwapno.com/_next/static/chunks/3jcs3_vbp6pk4.js:0
[    7586ms] [WARNING] Dropped srcset candidate "https://d2aea4j8cd78rk.cloudfront.net/images/689ef3241f62b2a03a1c2367_Untitled" @ https://dev.shwapno.com/_next/static/chunks/3jcs3_vbp6pk4.js:0
[    7586ms] [WARNING] Failed parsing 'srcset' attribute value since it has an unknown descriptor. @ https://dev.shwapno.com/_next/static/chunks/3jcs3_vbp6pk4.js:0
[    7586ms] [WARNING] Dropped srcset candidate "https://d2aea4j8cd78rk.cloudfront.net/images/689ef3241f62b2a03a1c2367_Untitled" @ https://dev.shwapno.com/_next/static/chunks/3jcs3_vbp6pk4.js:0
[    7586ms] [WARNING] Failed parsing 'srcset' attribute value since it has an unknown descriptor. @ https://dev.shwapno.com/_next/static/chunks/3jcs3_vbp6pk4.js:0
[    7586ms] [WARNING] Dropped srcset candidate "https://d2aea4j8cd78rk.cloudfront.net/images/689ef3241f62b2a03a1c2367_Untitled" @ https://dev.shwapno.com/_next/static/chunks/3jcs3_vbp6pk4.js:0
[    7586ms] [WARNING] Failed parsing 'srcset' attribute value since it has an unknown descriptor. @ https://dev.shwapno.com/_next/static/chunks/3jcs3_vbp6pk4.js:0
[    7586ms] [WARNING] Dropped srcset candidate "https://d2aea4j8cd78rk.cloudfront.net/images/689ef3241f62b2a03a1c2367_Untitled" @ https://dev.shwapno.com/_next/static/chunks/3jcs3_vbp6pk4.js:0
[    7586ms] [WARNING] Failed parsing 'srcset' attribute value since it has an unknown descriptor. @ https://dev.shwapno.com/_next/static/chunks/3jcs3_vbp6pk4.js:0
[    7586ms] [WARNING] Dropped srcset candidate "https://d2aea4j8cd78rk.cloudfront.net/images/689ef3241f62b2a03a1c2367_Untitled" @ https://dev.shwapno.com/_next/static/chunks/3jcs3_vbp6pk4.js:0
[    7586ms] [WARNING] Failed parsing 'srcset' attribute value since it has an unknown descriptor. @ https://dev.shwapno.com/_next/static/chunks/3jcs3_vbp6pk4.js:0
[    7586ms] [WARNING] Dropped srcset candidate "https://d2aea4j8cd78rk.cloudfront.net/images/689ef3241f62b2a03a1c2367_Untitled" @ https://dev.shwapno.com/_next/static/chunks/3jcs3_vbp6pk4.js:0
[    7586ms] [WARNING] Failed parsing 'srcset' attribute value since it has an unknown descriptor. @ https://dev.shwapno.com/_next/static/chunks/3jcs3_vbp6pk4.js:0
[    7586ms] [WARNING] Dropped srcset candidate "https://d2aea4j8cd78rk.cloudfront.net/images/689ef3241f62b2a03a1c2367_Untitled" @ https://dev.shwapno.com/_next/static/chunks/3jcs3_vbp6pk4.js:0
[    7586ms] [WARNING] Failed parsing 'srcset' attribute value since it has an unknown descriptor. @ https://dev.shwapno.com/_next/static/chunks/3jcs3_vbp6pk4.js:0
[    7586ms] [WARNING] Dropped srcset candidate "https://d2aea4j8cd78rk.cloudfront.net/images/689ef3241f62b2a03a1c2367_Untitled" @ https://dev.shwapno.com/_next/static/chunks/3jcs3_vbp6pk4.js:0
[    7586ms] [WARNING] Failed parsing 'srcset' attribute value since it has an unknown descriptor. @ https://dev.shwapno.com/_next/static/chunks/3jcs3_vbp6pk4.js:0
[    7586ms] [WARNING] Dropped srcset candidate "https://d2aea4j8cd78rk.cloudfront.net/images/689ef3241f62b2a03a1c2367_Untitled" @ https://dev.shwapno.com/_next/static/chunks/3jcs3_vbp6pk4.js:0
[    7586ms] [WARNING] Failed parsing 'srcset' attribute value since it has an unknown descriptor. @ https://dev.shwapno.com/_next/static/chunks/3jcs3_vbp6pk4.js:0
[    7586ms] [WARNING] Dropped srcset candidate "https://d2aea4j8cd78rk.cloudfront.net/images/689ef3241f62b2a03a1c2367_Untitled" @ https://dev.shwapno.com/_next/static/chunks/3jcs3_vbp6pk4.js:0
[    7587ms] [WARNING] Failed parsing 'srcset' attribute value since it has an unknown descriptor. @ https://dev.shwapno.com/_next/static/chunks/3jcs3_vbp6pk4.js:0
[    7587ms] [WARNING] Dropped srcset candidate "https://d2aea4j8cd78rk.cloudfront.net/images/689ef3241f62b2a03a1c2367_Untitled" @ https://dev.shwapno.com/_next/static/chunks/3jcs3_vbp6pk4.js:0
[    7588ms] [WARNING] Failed parsing 'srcset' attribute value since it has an unknown descriptor. @ https://dev.shwapno.com/_next/static/chunks/3jcs3_vbp6pk4.js:0
[    7588ms] [WARNING] Dropped srcset candidate "https://d2aea4j8cd78rk.cloudfront.net/images/6683ec639f69bc6485cf8e46_soft" @ https://dev.shwapno.com/_next/static/chunks/3jcs3_vbp6pk4.js:0
[    7588ms] [WARNING] Failed parsing 'srcset' attribute value since it has an unknown descriptor. @ https://dev.shwapno.com/_next/static/chunks/3jcs3_vbp6pk4.js:0
[    7588ms] [WARNING] Dropped srcset candidate "https://d2aea4j8cd78rk.cloudfront.net/images/6683ec639f69bc6485cf8e46_soft" @ https://dev.shwapno.com/_next/static/chunks/3jcs3_vbp6pk4.js:0
[    7588ms] [WARNING] Failed parsing 'srcset' attribute value since it has an unknown descriptor. @ https://dev.shwapno.com/_next/static/chunks/3jcs3_vbp6pk4.js:0
[    7588ms] [WARNING] Dropped srcset candidate "https://d2aea4j8cd78rk.cloudfront.net/images/6683ec639f69bc6485cf8e46_soft" @ https://dev.shwapno.com/_next/static/chunks/3jcs3_vbp6pk4.js:0
[    7589ms] [WARNING] Failed parsing 'srcset' attribute value since it has an unknown descriptor. @ https://dev.shwapno.com/_next/static/chunks/3jcs3_vbp6pk4.js:0
[    7589ms] [WARNING] Dropped srcset candidate "https://d2aea4j8cd78rk.cloudfront.net/images/6683ec639f69bc6485cf8e46_soft" @ https://dev.shwapno.com/_next/static/chunks/3jcs3_vbp6pk4.js:0
[    7589ms] [WARNING] Failed parsing 'srcset' attribute value since it has an unknown descriptor. @ https://dev.shwapno.com/_next/static/chunks/3jcs3_vbp6pk4.js:0
[    7589ms] [WARNING] Dropped srcset candidate "https://d2aea4j8cd78rk.cloudfront.net/images/6683ec639f69bc6485cf8e46_soft" @ https://dev.shwapno.com/_next/static/chunks/3jcs3_vbp6pk4.js:0
[    7589ms] [WARNING] Failed parsing 'srcset' attribute value since it has an unknown descriptor. @ https://dev.shwapno.com/_next/static/chunks/3jcs3_vbp6pk4.js:0
[    7589ms] [WARNING] Dropped srcset candidate "https://d2aea4j8cd78rk.cloudfront.net/images/6683ec639f69bc6485cf8e46_soft" @ https://dev.shwapno.com/_next/static/chunks/3jcs3_vbp6pk4.js:0
[    7589ms] [WARNING] Failed parsing 'srcset' attribute value since it has an unknown descriptor. @ https://dev.shwapno.com/_next/static/chunks/3jcs3_vbp6pk4.js:0
[    7589ms] [WARNING] Dropped srcset candidate "https://d2aea4j8cd78rk.cloudfront.net/images/6683ec639f69bc6485cf8e46_soft" @ https://dev.shwapno.com/_next/static/chunks/3jcs3_vbp6pk4.js:0
[    7589ms] [WARNING] Failed parsing 'srcset' attribute value since it has an unknown descriptor. @ https://dev.shwapno.com/_next/static/chunks/3jcs3_vbp6pk4.js:0
[    7589ms] [WARNING] Dropped srcset candidate "https://d2aea4j8cd78rk.cloudfront.net/images/6683ec639f69bc6485cf8e46_soft" @ https://dev.shwapno.com/_next/static/chunks/3jcs3_vbp6pk4.js:0
[    7589ms] [WARNING] Failed parsing 'srcset' attribute value since it has an unknown descriptor. @ https://dev.shwapno.com/_next/static/chunks/3jcs3_vbp6pk4.js:0
[    7589ms] [WARNING] Dropped srcset candidate "https://d2aea4j8cd78rk.cloudfront.net/images/6683ec639f69bc6485cf8e46_soft" @ https://dev.shwapno.com/_next/static/chunks/3jcs3_vbp6pk4.js:0
[    7589ms] [WARNING] Failed parsing 'srcset' attribute value since it has an unknown descriptor. @ https://dev.shwapno.com/_next/static/chunks/3jcs3_vbp6pk4.js:0
[    7589ms] [WARNING] Dropped srcset candidate "https://d2aea4j8cd78rk.cloudfront.net/images/6683ec639f69bc6485cf8e46_soft" @ https://dev.shwapno.com/_next/static/chunks/3jcs3_vbp6pk4.js:0
[    7589ms] [WARNING] Failed parsing 'srcset' attribute value since it has an unknown descriptor. @ https://dev.shwapno.com/_next/static/chunks/3jcs3_vbp6pk4.js:0
[    7589ms] [WARNING] Dropped srcset candidate "https://d2aea4j8cd78rk.cloudfront.net/images/6683ec639f69bc6485cf8e46_soft" @ https://dev.shwapno.com/_next/static/chunks/3jcs3_vbp6pk4.js:0
[    7589ms] [WARNING] Failed parsing 'srcset' attribute value since it has an unknown descriptor. @ https://dev.shwapno.com/_next/static/chunks/3jcs3_vbp6pk4.js:0
[    7589ms] [WARNING] Dropped srcset candidate "https://d2aea4j8cd78rk.cloudfront.net/images/6683ec639f69bc6485cf8e46_soft" @ https://dev.shwapno.com/_next/static/chunks/3jcs3_vbp6pk4.js:0
[    7589ms] [WARNING] Failed parsing 'srcset' attribute value since it has an unknown descriptor. @ https://dev.shwapno.com/_next/static/chunks/3jcs3_vbp6pk4.js:0
[    7589ms] [WARNING] Dropped srcset candidate "https://d2aea4j8cd78rk.cloudfront.net/images/6683ec639f69bc6485cf8e46_soft" @ https://dev.shwapno.com/_next/static/chunks/3jcs3_vbp6pk4.js:0
[    7589ms] [WARNING] Failed parsing 'srcset' attribute value since it has an unknown descriptor. @ https://dev.shwapno.com/_next/static/chunks/3jcs3_vbp6pk4.js:0
[    7589ms] [WARNING] Dropped srcset candidate "https://d2aea4j8cd78rk.cloudfront.net/images/6683ec639f69bc6485cf8e46_soft" @ https://dev.shwapno.com/_next/static/chunks/3jcs3_vbp6pk4.js:0
[    7589ms] [WARNING] Failed parsing 'srcset' attribute value since it has an unknown descriptor. @ https://dev.shwapno.com/_next/static/chunks/3jcs3_vbp6pk4.js:0
[    7589ms] [WARNING] Dropped srcset candidate "https://d2aea4j8cd78rk.cloudfront.net/images/6683ec639f69bc6485cf8e46_soft" @ https://dev.shwapno.com/_next/static/chunks/3jcs3_vbp6pk4.js:0
[    7589ms] [WARNING] Failed parsing 'srcset' attribute value since it has an unknown descriptor. @ https://dev.shwapno.com/_next/static/chunks/3jcs3_vbp6pk4.js:0
[    7589ms] [WARNING] Dropped srcset candidate "https://d2aea4j8cd78rk.cloudfront.net/images/6683ec639f69bc6485cf8e46_soft" @ https://dev.shwapno.com/_next/static/chunks/3jcs3_vbp6pk4.js:0
[    7590ms] [WARNING] Failed parsing 'srcset' attribute value since it has an unknown descriptor. @ https://dev.shwapno.com/_next/static/chunks/3jcs3_vbp6pk4.js:0
[    7590ms] [WARNING] Dropped srcset candidate "https://d2aea4j8cd78rk.cloudfront.net/images/6683ec639f69bc6485cf8e46_soft" @ https://dev.shwapno.com/_next/static/chunks/3jcs3_vbp6pk4.js:0
[    7590ms] [WARNING] Failed parsing 'srcset' attribute value since it has an unknown descriptor. @ https://dev.shwapno.com/_next/static/chunks/3jcs3_vbp6pk4.js:0
[    7590ms] [WARNING] Dropped srcset candidate "https://d2aea4j8cd78rk.cloudfront.net/images/6683ec639f69bc6485cf8e46_soft" @ https://dev.shwapno.com/_next/static/chunks/3jcs3_vbp6pk4.js:0
[    7590ms] [WARNING] Failed parsing 'srcset' attribute value since it has an unknown descriptor. @ https://dev.shwapno.com/_next/static/chunks/3jcs3_vbp6pk4.js:0
[    7590ms] [WARNING] Dropped srcset candidate "https://d2aea4j8cd78rk.cloudfront.net/images/6683ec639f69bc6485cf8e46_soft" @ https://dev.shwapno.com/_next/static/chunks/3jcs3_vbp6pk4.js:0
[    7590ms] [WARNING] Failed parsing 'srcset' attribute value since it has an unknown descriptor. @ https://dev.shwapno.com/_next/static/chunks/3jcs3_vbp6pk4.js:0
[    7590ms] [WARNING] Dropped srcset candidate "https://d2aea4j8cd78rk.cloudfront.net/images/6683ec639f69bc6485cf8e46_soft" @ https://dev.shwapno.com/_next/static/chunks/3jcs3_vbp6pk4.js:0
[    7590ms] [WARNING] Failed parsing 'srcset' attribute value since it has an unknown descriptor. @ https://dev.shwapno.com/_next/static/chunks/3jcs3_vbp6pk4.js:0
[    7590ms] [WARNING] Dropped srcset candidate "https://d2aea4j8cd78rk.cloudfront.net/images/6683ec639f69bc6485cf8e46_soft" @ https://dev.shwapno.com/_next/static/chunks/3jcs3_vbp6pk4.js:0
[    7590ms] [WARNING] Failed parsing 'srcset' attribute value since it has an unknown descriptor. @ https://dev.shwapno.com/_next/static/chunks/3jcs3_vbp6pk4.js:0
[    7590ms] [WARNING] Dropped srcset candidate "https://d2aea4j8cd78rk.cloudfront.net/images/6683ec639f69bc6485cf8e46_soft" @ https://dev.shwapno.com/_next/static/chunks/3jcs3_vbp6pk4.js:0
[    7591ms] [WARNING] Failed parsing 'srcset' attribute value since it has an unknown descriptor. @ https://dev.shwapno.com/_next/static/chunks/3jcs3_vbp6pk4.js:0
[    7591ms] [WARNING] Dropped srcset candidate "https://d2aea4j8cd78rk.cloudfront.net/images/66b1d03cd0701d63ca7e644e_Other" @ https://dev.shwapno.com/_next/static/chunks/3jcs3_vbp6pk4.js:0
[    7591ms] [WARNING] Failed parsing 'srcset' attribute value since it has an unknown descriptor. @ https://dev.shwapno.com/_next/static/chunks/3jcs3_vbp6pk4.js:0
[    7591ms] [WARNING] Dropped srcset candidate "https://d2aea4j8cd78rk.cloudfront.net/images/66b1d03cd0701d63ca7e644e_Other" @ https://dev.shwapno.com/_next/static/chunks/3jcs3_vbp6pk4.js:0
[    7591ms] [WARNING] Failed parsing 'srcset' attribute value since it has an unknown descriptor. @ https://dev.shwapno.com/_next/static/chunks/3jcs3_vbp6pk4.js:0
[    7591ms] [WARNING] Dropped srcset candidate "https://d2aea4j8cd78rk.cloudfront.net/images/66b1d03cd0701d63ca7e644e_Other" @ https://dev.shwapno.com/_next/static/chunks/3jcs3_vbp6pk4.js:0
[    7591ms] [WARNING] Failed parsing 'srcset' attribute value since it has an unknown descriptor. @ https://dev.shwapno.com/_next/static/chunks/3jcs3_vbp6pk4.js:0
[    7591ms] [WARNING] Dropped srcset candidate "https://d2aea4j8cd78rk.cloudfront.net/images/66b1d03cd0701d63ca7e644e_Other" @ https://dev.shwapno.com/_next/static/chunks/3jcs3_vbp6pk4.js:0
[    7591ms] [WARNING] Failed parsing 'srcset' attribute value since it has an unknown descriptor. @ https://dev.shwapno.com/_next/static/chunks/3jcs3_vbp6pk4.js:0
[    7591ms] [WARNING] Dropped srcset candidate "https://d2aea4j8cd78rk.cloudfront.net/images/66b1d03cd0701d63ca7e644e_Other" @ https://dev.shwapno.com/_next/static/chunks/3jcs3_vbp6pk4.js:0
[    7591ms] [WARNING] Failed parsing 'srcset' attribute value since it has an unknown descriptor. @ https://dev.shwapno.com/_next/static/chunks/3jcs3_vbp6pk4.js:0
[    7591ms] [WARNING] Dropped srcset candidate "https://d2aea4j8cd78rk.cloudfront.net/images/66b1d03cd0701d63ca7e644e_Other" @ https://dev.shwapno.com/_next/static/chunks/3jcs3_vbp6pk4.js:0
[    7591ms] [WARNING] Failed parsing 'srcset' attribute value since it has an unknown descriptor. @ https://dev.shwapno.com/_next/static/chunks/3jcs3_vbp6pk4.js:0
[    7591ms] [WARNING] Dropped srcset candidate "https://d2aea4j8cd78rk.cloudfront.net/images/66b1d03cd0701d63ca7e644e_Other" @ https://dev.shwapno.com/_next/static/chunks/3jcs3_vbp6pk4.js:0
[    7591ms] [WARNING] Failed parsing 'srcset' attribute value since it has an unknown descriptor. @ https://dev.shwapno.com/_next/static/chunks/3jcs3_vbp6pk4.js:0
[    7591ms] [WARNING] Dropped srcset candidate "https://d2aea4j8cd78rk.cloudfront.net/images/66b1d03cd0701d63ca7e644e_Other" @ https://dev.shwapno.com/_next/static/chunks/3jcs3_vbp6pk4.js:0
[    7591ms] [WARNING] Failed parsing 'srcset' attribute value since it has an unknown descriptor. @ https://dev.shwapno.com/_next/static/chunks/3jcs3_vbp6pk4.js:0
[    7591ms] [WARNING] Dropped srcset candidate "https://d2aea4j8cd78rk.cloudfront.net/images/66b1d03cd0701d63ca7e644e_Other" @ https://dev.shwapno.com/_next/static/chunks/3jcs3_vbp6pk4.js:0
[    7591ms] [WARNING] Failed parsing 'srcset' attribute value since it has an unknown descriptor. @ https://dev.shwapno.com/_next/static/chunks/3jcs3_vbp6pk4.js:0
[    7591ms] [WARNING] Dropped srcset candidate "https://d2aea4j8cd78rk.cloudfront.net/images/66b1d03cd0701d63ca7e644e_Other" @ https://dev.shwapno.com/_next/static/chunks/3jcs3_vbp6pk4.js:0
[    7591ms] [WARNING] Failed parsing 'srcset' attribute value since it has an unknown descriptor. @ https://dev.shwapno.com/_next/static/chunks/3jcs3_vbp6pk4.js:0
[    7591ms] [WARNING] Dropped srcset candidate "https://d2aea4j8cd78rk.cloudfront.net/images/66b1d03cd0701d63ca7e644e_Other" @ https://dev.shwapno.com/_next/static/chunks/3jcs3_vbp6pk4.js:0
[    7591ms] [WARNING] Failed parsing 'srcset' attribute value since it has an unknown descriptor. @ https://dev.shwapno.com/_next/static/chunks/3jcs3_vbp6pk4.js:0
[    7591ms] [WARNING] Dropped srcset candidate "https://d2aea4j8cd78rk.cloudfront.net/images/66b1d03cd0701d63ca7e644e_Other" @ https://dev.shwapno.com/_next/static/chunks/3jcs3_vbp6pk4.js:0
[    7591ms] [WARNING] Failed parsing 'srcset' attribute value since it has an unknown descriptor. @ https://dev.shwapno.com/_next/static/chunks/3jcs3_vbp6pk4.js:0
[    7591ms] [WARNING] Dropped srcset candidate "https://d2aea4j8cd78rk.cloudfront.net/images/66b1d03cd0701d63ca7e644e_Other" @ https://dev.shwapno.com/_next/static/chunks/3jcs3_vbp6pk4.js:0
[    7591ms] [WARNING] Failed parsing 'srcset' attribute value since it has an unknown descriptor. @ https://dev.shwapno.com/_next/static/chunks/3jcs3_vbp6pk4.js:0
[    7592ms] [WARNING] Dropped srcset candidate "https://d2aea4j8cd78rk.cloudfront.net/images/66b1d03cd0701d63ca7e644e_Other" @ https://dev.shwapno.com/_next/static/chunks/3jcs3_vbp6pk4.js:0
[    7592ms] [WARNING] Failed parsing 'srcset' attribute value since it has an unknown descriptor. @ https://dev.shwapno.com/_next/static/chunks/3jcs3_vbp6pk4.js:0
[    7592ms] [WARNING] Dropped srcset candidate "https://d2aea4j8cd78rk.cloudfront.net/images/66b1d03cd0701d63ca7e644e_Other" @ https://dev.shwapno.com/_next/static/chunks/3jcs3_vbp6pk4.js:0
[    7592ms] [WARNING] Failed parsing 'srcset' attribute value since it has an unknown descriptor. @ https://dev.shwapno.com/_next/static/chunks/3jcs3_vbp6pk4.js:0
[    7592ms] [WARNING] Dropped srcset candidate "https://d2aea4j8cd78rk.cloudfront.net/images/66b1d03cd0701d63ca7e644e_Other" @ https://dev.shwapno.com/_next/static/chunks/3jcs3_vbp6pk4.js:0
[    7592ms] [WARNING] Failed parsing 'srcset' attribute value since it has an unknown descriptor. @ https://dev.shwapno.com/_next/static/chunks/3jcs3_vbp6pk4.js:0
[    7592ms] [WARNING] Dropped srcset candidate "https://d2aea4j8cd78rk.cloudfront.net/images/66b1d03cd0701d63ca7e644e_Other" @ https://dev.shwapno.com/_next/static/chunks/3jcs3_vbp6pk4.js:0
[    7592ms] [WARNING] Failed parsing 'srcset' attribute value since it has an unknown descriptor. @ https://dev.shwapno.com/_next/static/chunks/3jcs3_vbp6pk4.js:0
[    7592ms] [WARNING] Dropped srcset candidate "https://d2aea4j8cd78rk.cloudfront.net/images/66b1d03cd0701d63ca7e644e_Other" @ https://dev.shwapno.com/_next/static/chunks/3jcs3_vbp6pk4.js:0
[    7592ms] [WARNING] Failed parsing 'srcset' attribute value since it has an unknown descriptor. @ https://dev.shwapno.com/_next/static/chunks/3jcs3_vbp6pk4.js:0
[    7592ms] [WARNING] Dropped srcset candidate "https://d2aea4j8cd78rk.cloudfront.net/images/66b1d03cd0701d63ca7e644e_Other" @ https://dev.shwapno.com/_next/static/chunks/3jcs3_vbp6pk4.js:0
[    7592ms] [WARNING] Failed parsing 'srcset' attribute value since it has an unknown descriptor. @ https://dev.shwapno.com/_next/static/chunks/3jcs3_vbp6pk4.js:0
[    7592ms] [WARNING] Dropped srcset candidate "https://d2aea4j8cd78rk.cloudfront.net/images/66b1d03cd0701d63ca7e644e_Other" @ https://dev.shwapno.com/_next/static/chunks/3jcs3_vbp6pk4.js:0
[    7592ms] [WARNING] Failed parsing 'srcset' attribute value since it has an unknown descriptor. @ https://dev.shwapno.com/_next/static/chunks/3jcs3_vbp6pk4.js:0
[    7592ms] [WARNING] Dropped srcset candidate "https://d2aea4j8cd78rk.cloudfront.net/images/66b1d03cd0701d63ca7e644e_Other" @ https://dev.shwapno.com/_next/static/chunks/3jcs3_vbp6pk4.js:0
[    7592ms] [WARNING] Failed parsing 'srcset' attribute value since it has an unknown descriptor. @ https://dev.shwapno.com/_next/static/chunks/3jcs3_vbp6pk4.js:0
[    7592ms] [WARNING] Dropped srcset candidate "https://d2aea4j8cd78rk.cloudfront.net/images/66b1d03cd0701d63ca7e644e_Other" @ https://dev.shwapno.com/_next/static/chunks/3jcs3_vbp6pk4.js:0
[    7598ms] [WARNING] Failed parsing 'srcset' attribute value since it has an unknown descriptor. @ https://dev.shwapno.com/_next/static/chunks/3jcs3_vbp6pk4.js:0
[    7598ms] [WARNING] Dropped srcset candidate "https://d2aea4j8cd78rk.cloudfront.net/images/68a2c9f3fc07fd56c891ecb1_Untitled" @ https://dev.shwapno.com/_next/static/chunks/3jcs3_vbp6pk4.js:0
[    7598ms] [WARNING] Failed parsing 'srcset' attribute value since it has an unknown descriptor. @ https://dev.shwapno.com/_next/static/chunks/3jcs3_vbp6pk4.js:0
[    7598ms] [WARNING] Dropped srcset candidate "https://d2aea4j8cd78rk.cloudfront.net/images/68a2c9f3fc07fd56c891ecb1_Untitled" @ https://dev.shwapno.com/_next/static/chunks/3jcs3_vbp6pk4.js:0
[    7598ms] [WARNING] Failed parsing 'srcset' attribute value since it has an unknown descriptor. @ https://dev.shwapno.com/_next/static/chunks/3jcs3_vbp6pk4.js:0
[    7598ms] [WARNING] Dropped srcset candidate "https://d2aea4j8cd78rk.cloudfront.net/images/68a2c9f3fc07fd56c891ecb1_Untitled" @ https://dev.shwapno.com/_next/static/chunks/3jcs3_vbp6pk4.js:0
[    7598ms] [WARNING] Failed parsing 'srcset' attribute value since it has an unknown descriptor. @ https://dev.shwapno.com/_next/static/chunks/3jcs3_vbp6pk4.js:0
[    7598ms] [WARNING] Dropped srcset candidate "https://d2aea4j8cd78rk.cloudfront.net/images/68a2c9f3fc07fd56c891ecb1_Untitled" @ https://dev.shwapno.com/_next/static/chunks/3jcs3_vbp6pk4.js:0
[    7599ms] [WARNING] Failed parsing 'srcset' attribute value since it has an unknown descriptor. @ https://dev.shwapno.com/_next/static/chunks/3jcs3_vbp6pk4.js:0
[    7599ms] [WARNING] Dropped srcset candidate "https://d2aea4j8cd78rk.cloudfront.net/images/6684c6a0df3a9538883371c7_Proton" @ https://dev.shwapno.com/_next/static/chunks/3jcs3_vbp6pk4.js:0
[    7599ms] [WARNING] Failed parsing 'srcset' attribute value since it has an unknown descriptor. @ https://dev.shwapno.com/_next/static/chunks/3jcs3_vbp6pk4.js:0
[    7600ms] [WARNING] Dropped srcset candidate "https://d2aea4j8cd78rk.cloudfront.net/images/6684c6a0df3a9538883371c7_Proton" @ https://dev.shwapno.com/_next/static/chunks/3jcs3_vbp6pk4.js:0
[    7600ms] [WARNING] Failed parsing 'srcset' attribute value since it has an unknown descriptor. @ https://dev.shwapno.com/_next/static/chunks/3jcs3_vbp6pk4.js:0
[    7600ms] [WARNING] Dropped srcset candidate "https://d2aea4j8cd78rk.cloudfront.net/images/6684c6a0df3a9538883371c7_Proton" @ https://dev.shwapno.com/_next/static/chunks/3jcs3_vbp6pk4.js:0
[    7600ms] [WARNING] Failed parsing 'srcset' attribute value since it has an unknown descriptor. @ https://dev.shwapno.com/_next/static/chunks/3jcs3_vbp6pk4.js:0
[    7600ms] [WARNING] Dropped srcset candidate "https://d2aea4j8cd78rk.cloudfront.net/images/6684c6a0df3a9538883371c7_Proton" @ https://dev.shwapno.com/_next/static/chunks/3jcs3_vbp6pk4.js:0
[    7600ms] [WARNING] Failed parsing 'srcset' attribute value since it has an unknown descriptor. @ https://dev.shwapno.com/_next/static/chunks/3jcs3_vbp6pk4.js:0
[    7600ms] [WARNING] Dropped srcset candidate "https://d2aea4j8cd78rk.cloudfront.net/images/6684c6a0df3a9538883371c7_Proton" @ https://dev.shwapno.com/_next/static/chunks/3jcs3_vbp6pk4.js:0
[    7600ms] [WARNING] Failed parsing 'srcset' attribute value since it has an unknown descriptor. @ https://dev.shwapno.com/_next/static/chunks/3jcs3_vbp6pk4.js:0
[    7600ms] [WARNING] Dropped srcset candidate "https://d2aea4j8cd78rk.cloudfront.net/images/6684c6a0df3a9538883371c7_Proton" @ https://dev.shwapno.com/_next/static/chunks/3jcs3_vbp6pk4.js:0
[    7600ms] [WARNING] Failed parsing 'srcset' attribute value since it has an unknown descriptor. @ https://dev.shwapno.com/_next/static/chunks/3jcs3_vbp6pk4.js:0
[    7600ms] [WARNING] Dropped srcset candidate "https://d2aea4j8cd78rk.cloudfront.net/images/6684c6a0df3a9538883371c7_Proton" @ https://dev.shwapno.com/_next/static/chunks/3jcs3_vbp6pk4.js:0
[    7600ms] [WARNING] Failed parsing 'srcset' attribute value since it has an unknown descriptor. @ https://dev.shwapno.com/_next/static/chunks/3jcs3_vbp6pk4.js:0
[    7600ms] [WARNING] Dropped srcset candidate "https://d2aea4j8cd78rk.cloudfront.net/images/6684c6a0df3a9538883371c7_Proton" @ https://dev.shwapno.com/_next/static/chunks/3jcs3_vbp6pk4.js:0
[    7600ms] [WARNING] Failed parsing 'srcset' attribute value since it has an unknown descriptor. @ https://dev.shwapno.com/_next/static/chunks/3jcs3_vbp6pk4.js:0
[    7600ms] [WARNING] Dropped srcset candidate "https://d2aea4j8cd78rk.cloudfront.net/images/6684c6a0df3a9538883371c7_Proton" @ https://dev.shwapno.com/_next/static/chunks/3jcs3_vbp6pk4.js:0
[    7600ms] [WARNING] Failed parsing 'srcset' attribute value since it has an unknown descriptor. @ https://dev.shwapno.com/_next/static/chunks/3jcs3_vbp6pk4.js:0
[    7600ms] [WARNING] Dropped srcset candidate "https://d2aea4j8cd78rk.cloudfront.net/images/6684c6a0df3a9538883371c7_Proton" @ https://dev.shwapno.com/_next/static/chunks/3jcs3_vbp6pk4.js:0
[    7600ms] [WARNING] Failed parsing 'srcset' attribute value since it has an unknown descriptor. @ https://dev.shwapno.com/_next/static/chunks/3jcs3_vbp6pk4.js:0
[    7600ms] [WARNING] Dropped srcset candidate "https://d2aea4j8cd78rk.cloudfront.net/images/6684c6a0df3a9538883371c7_Proton" @ https://dev.shwapno.com/_next/static/chunks/3jcs3_vbp6pk4.js:0
[    7600ms] [WARNING] Failed parsing 'srcset' attribute value since it has an unknown descriptor. @ https://dev.shwapno.com/_next/static/chunks/3jcs3_vbp6pk4.js:0
[    7600ms] [WARNING] Dropped srcset candidate "https://d2aea4j8cd78rk.cloudfront.net/images/6684c6a0df3a9538883371c7_Proton" @ https://dev.shwapno.com/_next/static/chunks/3jcs3_vbp6pk4.js:0
[    7600ms] [WARNING] Failed parsing 'srcset' attribute value since it has an unknown descriptor. @ https://dev.shwapno.com/_next/static/chunks/3jcs3_vbp6pk4.js:0
[    7601ms] [WARNING] Dropped srcset candidate "https://d2aea4j8cd78rk.cloudfront.net/images/68a2c97bfc07fd56c891eb31_Untitled" @ https://dev.shwapno.com/_next/static/chunks/3jcs3_vbp6pk4.js:0
[    7601ms] [WARNING] Failed parsing 'srcset' attribute value since it has an unknown descriptor. @ https://dev.shwapno.com/_next/static/chunks/3jcs3_vbp6pk4.js:0
[    7601ms] [WARNING] Dropped srcset candidate "https://d2aea4j8cd78rk.cloudfront.net/images/68a2c97bfc07fd56c891eb31_Untitled" @ https://dev.shwapno.com/_next/static/chunks/3jcs3_vbp6pk4.js:0
[    7601ms] [WARNING] Failed parsing 'srcset' attribute value since it has an unknown descriptor. @ https://dev.shwapno.com/_next/static/chunks/3jcs3_vbp6pk4.js:0
[    7601ms] [WARNING] Dropped srcset candidate "https://d2aea4j8cd78rk.cloudfront.net/images/68a2c97bfc07fd56c891eb31_Untitled" @ https://dev.shwapno.com/_next/static/chunks/3jcs3_vbp6pk4.js:0
[    7601ms] [WARNING] Failed parsing 'srcset' attribute value since it has an unknown descriptor. @ https://dev.shwapno.com/_next/static/chunks/3jcs3_vbp6pk4.js:0
[    7601ms] [WARNING] Dropped srcset candidate "https://d2aea4j8cd78rk.cloudfront.net/images/68a2c97bfc07fd56c891eb31_Untitled" @ https://dev.shwapno.com/_next/static/chunks/3jcs3_vbp6pk4.js:0
[    7601ms] [WARNING] Failed parsing 'srcset' attribute value since it has an unknown descriptor. @ https://dev.shwapno.com/_next/static/chunks/3jcs3_vbp6pk4.js:0
[    7601ms] [WARNING] Dropped srcset candidate "https://d2aea4j8cd78rk.cloudfront.net/images/68a2c97bfc07fd56c891eb31_Untitled" @ https://dev.shwapno.com/_next/static/chunks/3jcs3_vbp6pk4.js:0
[    7601ms] [WARNING] Failed parsing 'srcset' attribute value since it has an unknown descriptor. @ https://dev.shwapno.com/_next/static/chunks/3jcs3_vbp6pk4.js:0
[    7601ms] [WARNING] Dropped srcset candidate "https://d2aea4j8cd78rk.cloudfront.net/images/68a2c97bfc07fd56c891eb31_Untitled" @ https://dev.shwapno.com/_next/static/chunks/3jcs3_vbp6pk4.js:0
[    7601ms] [WARNING] Failed parsing 'srcset' attribute value since it has an unknown descriptor. @ https://dev.shwapno.com/_next/static/chunks/3jcs3_vbp6pk4.js:0
[    7601ms] [WARNING] Dropped srcset candidate "https://d2aea4j8cd78rk.cloudfront.net/images/68a2c97bfc07fd56c891eb31_Untitled" @ https://dev.shwapno.com/_next/static/chunks/3jcs3_vbp6pk4.js:0
[    7601ms] [WARNING] Failed parsing 'srcset' attribute value since it has an unknown descriptor. @ https://dev.shwapno.com/_next/static/chunks/3jcs3_vbp6pk4.js:0
[    7601ms] [WARNING] Dropped srcset candidate "https://d2aea4j8cd78rk.cloudfront.net/images/68a2c97bfc07fd56c891eb31_Untitled" @ https://dev.shwapno.com/_next/static/chunks/3jcs3_vbp6pk4.js:0
[    7601ms] [WARNING] Failed parsing 'srcset' attribute value since it has an unknown descriptor. @ https://dev.shwapno.com/_next/static/chunks/3jcs3_vbp6pk4.js:0
[    7601ms] [WARNING] Dropped srcset candidate "https://d2aea4j8cd78rk.cloudfront.net/images/68a2c97bfc07fd56c891eb31_Untitled" @ https://dev.shwapno.com/_next/static/chunks/3jcs3_vbp6pk4.js:0
[    7601ms] [WARNING] Failed parsing 'srcset' attribute value since it has an unknown descriptor. @ https://dev.shwapno.com/_next/static/chunks/3jcs3_vbp6pk4.js:0
[    7601ms] [WARNING] Dropped srcset candidate "https://d2aea4j8cd78rk.cloudfront.net/images/68a2c97bfc07fd56c891eb31_Untitled" @ https://dev.shwapno.com/_next/static/chunks/3jcs3_vbp6pk4.js:0
[    7601ms] [WARNING] Failed parsing 'srcset' attribute value since it has an unknown descriptor. @ https://dev.shwapno.com/_next/static/chunks/3jcs3_vbp6pk4.js:0
[    7601ms] [WARNING] Dropped srcset candidate "https://d2aea4j8cd78rk.cloudfront.net/images/68a2c97bfc07fd56c891eb31_Untitled" @ https://dev.shwapno.com/_next/static/chunks/3jcs3_vbp6pk4.js:0
[    7601ms] [WARNING] Failed parsing 'srcset' attribute value since it has an unknown descriptor. @ https://dev.shwapno.com/_next/static/chunks/3jcs3_vbp6pk4.js:0
[    7601ms] [WARNING] Dropped srcset candidate "https://d2aea4j8cd78rk.cloudfront.net/images/68a2c97bfc07fd56c891eb31_Untitled" @ https://dev.shwapno.com/_next/static/chunks/3jcs3_vbp6pk4.js:0
[    7601ms] [WARNING] Failed parsing 'srcset' attribute value since it has an unknown descriptor. @ https://dev.shwapno.com/_next/static/chunks/3jcs3_vbp6pk4.js:0
[    7602ms] [WARNING] Dropped srcset candidate "https://d2aea4j8cd78rk.cloudfront.net/images/66c1f4b1670026fc98a1f38e_fish_meat" @ https://dev.shwapno.com/_next/static/chunks/3jcs3_vbp6pk4.js:0
[    7602ms] [WARNING] Failed parsing 'srcset' attribute value since it has an unknown descriptor. @ https://dev.shwapno.com/_next/static/chunks/3jcs3_vbp6pk4.js:0
[    7602ms] [WARNING] Dropped srcset candidate "https://d2aea4j8cd78rk.cloudfront.net/images/66c1f4b1670026fc98a1f38e_fish_meat" @ https://dev.shwapno.com/_next/static/chunks/3jcs3_vbp6pk4.js:0
[    7602ms] [WARNING] Failed parsing 'srcset' attribute value since it has an unknown descriptor. @ https://dev.shwapno.com/_next/static/chunks/3jcs3_vbp6pk4.js:0
[    7602ms] [WARNING] Dropped srcset candidate "https://d2aea4j8cd78rk.cloudfront.net/images/66c1f4b1670026fc98a1f38e_fish_meat" @ https://dev.shwapno.com/_next/static/chunks/3jcs3_vbp6pk4.js:0
[    7602ms] [WARNING] Failed parsing 'srcset' attribute value since it has an unknown descriptor. @ https://dev.shwapno.com/_next/static/chunks/3jcs3_vbp6pk4.js:0
[    7602ms] [WARNING] Dropped srcset candidate "https://d2aea4j8cd78rk.cloudfront.net/images/66c1f4b1670026fc98a1f38e_fish_meat" @ https://dev.shwapno.com/_next/static/chunks/3jcs3_vbp6pk4.js:0
[    7602ms] [WARNING] Failed parsing 'srcset' attribute value since it has an unknown descriptor. @ https://dev.shwapno.com/_next/static/chunks/3jcs3_vbp6pk4.js:0
[    7602ms] [WARNING] Dropped srcset candidate "https://d2aea4j8cd78rk.cloudfront.net/images/66c1f4b1670026fc98a1f38e_fish_meat" @ https://dev.shwapno.com/_next/static/chunks/3jcs3_vbp6pk4.js:0
[    7602ms] [WARNING] Failed parsing 'srcset' attribute value since it has an unknown descriptor. @ https://dev.shwapno.com/_next/static/chunks/3jcs3_vbp6pk4.js:0
[    7602ms] [WARNING] Dropped srcset candidate "https://d2aea4j8cd78rk.cloudfront.net/images/66c1f4b1670026fc98a1f38e_fish_meat" @ https://dev.shwapno.com/_next/static/chunks/3jcs3_vbp6pk4.js:0
[    7602ms] [WARNING] Failed parsing 'srcset' attribute value since it has an unknown descriptor. @ https://dev.shwapno.com/_next/static/chunks/3jcs3_vbp6pk4.js:0
[    7602ms] [WARNING] Dropped srcset candidate "https://d2aea4j8cd78rk.cloudfront.net/images/66c1f4b1670026fc98a1f38e_fish_meat" @ https://dev.shwapno.com/_next/static/chunks/3jcs3_vbp6pk4.js:0
[    7602ms] [WARNING] Failed parsing 'srcset' attribute value since it has an unknown descriptor. @ https://dev.shwapno.com/_next/static/chunks/3jcs3_vbp6pk4.js:0
[    7602ms] [WARNING] Dropped srcset candidate "https://d2aea4j8cd78rk.cloudfront.net/images/66c1f4b1670026fc98a1f38e_fish_meat" @ https://dev.shwapno.com/_next/static/chunks/3jcs3_vbp6pk4.js:0
[    7602ms] [WARNING] Failed parsing 'srcset' attribute value since it has an unknown descriptor. @ https://dev.shwapno.com/_next/static/chunks/3jcs3_vbp6pk4.js:0
[    7602ms] [WARNING] Dropped srcset candidate "https://d2aea4j8cd78rk.cloudfront.net/images/66c1f4b1670026fc98a1f38e_fish_meat" @ https://dev.shwapno.com/_next/static/chunks/3jcs3_vbp6pk4.js:0
[    7602ms] [WARNING] Failed parsing 'srcset' attribute value since it has an unknown descriptor. @ https://dev.shwapno.com/_next/static/chunks/3jcs3_vbp6pk4.js:0
[    7602ms] [WARNING] Dropped srcset candidate "https://d2aea4j8cd78rk.cloudfront.net/images/66c1f4b1670026fc98a1f38e_fish_meat" @ https://dev.shwapno.com/_next/static/chunks/3jcs3_vbp6pk4.js:0
[    7602ms] [WARNING] Failed parsing 'srcset' attribute value since it has an unknown descriptor. @ https://dev.shwapno.com/_next/static/chunks/3jcs3_vbp6pk4.js:0
[    7602ms] [WARNING] Dropped srcset candidate "https://d2aea4j8cd78rk.cloudfront.net/images/66c1f4b1670026fc98a1f38e_fish_meat" @ https://dev.shwapno.com/_next/static/chunks/3jcs3_vbp6pk4.js:0
[    7602ms] [WARNING] Failed parsing 'srcset' attribute value since it has an unknown descriptor. @ https://dev.shwapno.com/_next/static/chunks/3jcs3_vbp6pk4.js:0
[    7602ms] [WARNING] Dropped srcset candidate "https://d2aea4j8cd78rk.cloudfront.net/images/66c1f4b1670026fc98a1f38e_fish_meat" @ https://dev.shwapno.com/_next/static/chunks/3jcs3_vbp6pk4.js:0
[    7606ms] [WARNING] Failed parsing 'srcset' attribute value since it has an unknown descriptor. @ https://dev.shwapno.com/_next/static/chunks/3jcs3_vbp6pk4.js:0
[    7606ms] [WARNING] Dropped srcset candidate "https://d2aea4j8cd78rk.cloudfront.net/images/689ee44ec4156aac53c88a3f_Untitled" @ https://dev.shwapno.com/_next/static/chunks/3jcs3_vbp6pk4.js:0
[    7606ms] [WARNING] Failed parsing 'srcset' attribute value since it has an unknown descriptor. @ https://dev.shwapno.com/_next/static/chunks/3jcs3_vbp6pk4.js:0
[    7606ms] [WARNING] Dropped srcset candidate "https://d2aea4j8cd78rk.cloudfront.net/images/689ee44ec4156aac53c88a3f_Untitled" @ https://dev.shwapno.com/_next/static/chunks/3jcs3_vbp6pk4.js:0
[    7606ms] [WARNING] Failed parsing 'srcset' attribute value since it has an unknown descriptor. @ https://dev.shwapno.com/_next/static/chunks/3jcs3_vbp6pk4.js:0
[    7606ms] [WARNING] Dropped srcset candidate "https://d2aea4j8cd78rk.cloudfront.net/images/689ee44ec4156aac53c88a3f_Untitled" @ https://dev.shwapno.com/_next/static/chunks/3jcs3_vbp6pk4.js:0
[    7607ms] [WARNING] Failed parsing 'srcset' attribute value since it has an unknown descriptor. @ https://dev.shwapno.com/_next/static/chunks/3jcs3_vbp6pk4.js:0
[    7607ms] [WARNING] Dropped srcset candidate "https://d2aea4j8cd78rk.cloudfront.net/images/689ee44ec4156aac53c88a3f_Untitled" @ https://dev.shwapno.com/_next/static/chunks/3jcs3_vbp6pk4.js:0
[    7899ms] [WARNING] Failed parsing 'srcset' attribute value since it has an unknown descriptor. @ https://dev.shwapno.com/_next/static/chunks/3jcs3_vbp6pk4.js:0
[    7899ms] [WARNING] Dropped srcset candidate "https://d2aea4j8cd78rk.cloudfront.net/images/6683ec639f69bc6485cf8e46_soft" @ https://dev.shwapno.com/_next/static/chunks/3jcs3_vbp6pk4.js:0
[    7899ms] [WARNING] Failed parsing 'srcset' attribute value since it has an unknown descriptor. @ https://dev.shwapno.com/_next/static/chunks/3jcs3_vbp6pk4.js:0
[    7899ms] [WARNING] Dropped srcset candidate "https://d2aea4j8cd78rk.cloudfront.net/images/6683ec639f69bc6485cf8e46_soft" @ https://dev.shwapno.com/_next/static/chunks/3jcs3_vbp6pk4.js:0
[    7899ms] [WARNING] Failed parsing 'srcset' attribute value since it has an unknown descriptor. @ https://dev.shwapno.com/_next/static/chunks/3jcs3_vbp6pk4.js:0
[    7899ms] [WARNING] Dropped srcset candidate "https://d2aea4j8cd78rk.cloudfront.net/images/6683ec639f69bc6485cf8e46_soft" @ https://dev.shwapno.com/_next/static/chunks/3jcs3_vbp6pk4.js:0
[    7899ms] [WARNING] Failed parsing 'srcset' attribute value since it has an unknown descriptor. @ https://dev.shwapno.com/_next/static/chunks/3jcs3_vbp6pk4.js:0
[    7899ms] [WARNING] Dropped srcset candidate "https://d2aea4j8cd78rk.cloudfront.net/images/6683ec639f69bc6485cf8e46_soft" @ https://dev.shwapno.com/_next/static/chunks/3jcs3_vbp6pk4.js:0
[    7899ms] [WARNING] Failed parsing 'srcset' attribute value since it has an unknown descriptor. @ https://dev.shwapno.com/_next/static/chunks/3jcs3_vbp6pk4.js:0
[    7899ms] [WARNING] Dropped srcset candidate "https://d2aea4j8cd78rk.cloudfront.net/images/6683ec639f69bc6485cf8e46_soft" @ https://dev.shwapno.com/_next/static/chunks/3jcs3_vbp6pk4.js:0
[    7899ms] [WARNING] Failed parsing 'srcset' attribute value since it has an unknown descriptor. @ https://dev.shwapno.com/_next/static/chunks/3jcs3_vbp6pk4.js:0
[    7899ms] [WARNING] Dropped srcset candidate "https://d2aea4j8cd78rk.cloudfront.net/images/6683ec639f69bc6485cf8e46_soft" @ https://dev.shwapno.com/_next/static/chunks/3jcs3_vbp6pk4.js:0
[    7899ms] [WARNING] Failed parsing 'srcset' attribute value since it has an unknown descriptor. @ https://dev.shwapno.com/_next/static/chunks/3jcs3_vbp6pk4.js:0
[    7899ms] [WARNING] Dropped srcset candidate "https://d2aea4j8cd78rk.cloudfront.net/images/6683ec639f69bc6485cf8e46_soft" @ https://dev.shwapno.com/_next/static/chunks/3jcs3_vbp6pk4.js:0
[    7899ms] [WARNING] Failed parsing 'srcset' attribute value since it has an unknown descriptor. @ https://dev.shwapno.com/_next/static/chunks/3jcs3_vbp6pk4.js:0
[    7899ms] [WARNING] Dropped srcset candidate "https://d2aea4j8cd78rk.cloudfront.net/images/6683ec639f69bc6485cf8e46_soft" @ https://dev.shwapno.com/_next/static/chunks/3jcs3_vbp6pk4.js:0
[    7899ms] [WARNING] Failed parsing 'srcset' attribute value since it has an unknown descriptor. @ https://dev.shwapno.com/_next/static/chunks/3jcs3_vbp6pk4.js:0
[    7899ms] [WARNING] Dropped srcset candidate "https://d2aea4j8cd78rk.cloudfront.net/images/6683ec639f69bc6485cf8e46_soft" @ https://dev.shwapno.com/_next/static/chunks/3jcs3_vbp6pk4.js:0
[    7899ms] [WARNING] Failed parsing 'srcset' attribute value since it has an unknown descriptor. @ https://dev.shwapno.com/_next/static/chunks/3jcs3_vbp6pk4.js:0
[    7899ms] [WARNING] Dropped srcset candidate "https://d2aea4j8cd78rk.cloudfront.net/images/6683ec639f69bc6485cf8e46_soft" @ https://dev.shwapno.com/_next/static/chunks/3jcs3_vbp6pk4.js:0
[    7899ms] [WARNING] Failed parsing 'srcset' attribute value since it has an unknown descriptor. @ https://dev.shwapno.com/_next/static/chunks/3jcs3_vbp6pk4.js:0
[    7899ms] [WARNING] Dropped srcset candidate "https://d2aea4j8cd78rk.cloudfront.net/images/6683ec639f69bc6485cf8e46_soft" @ https://dev.shwapno.com/_next/static/chunks/3jcs3_vbp6pk4.js:0
[    7900ms] [WARNING] Failed parsing 'srcset' attribute value since it has an unknown descriptor. @ https://dev.shwapno.com/_next/static/chunks/3jcs3_vbp6pk4.js:0
[    7900ms] [WARNING] Dropped srcset candidate "https://d2aea4j8cd78rk.cloudfront.net/images/6683ec639f69bc6485cf8e46_soft" @ https://dev.shwapno.com/_next/static/chunks/3jcs3_vbp6pk4.js:0
[    7900ms] [WARNING] Failed parsing 'srcset' attribute value since it has an unknown descriptor. @ https://dev.shwapno.com/_next/static/chunks/3jcs3_vbp6pk4.js:0
[    7900ms] [WARNING] Dropped srcset candidate "https://d2aea4j8cd78rk.cloudfront.net/images/6683ec639f69bc6485cf8e46_soft" @ https://dev.shwapno.com/_next/static/chunks/3jcs3_vbp6pk4.js:0
[    7900ms] [WARNING] Failed parsing 'srcset' attribute value since it has an unknown descriptor. @ https://dev.shwapno.com/_next/static/chunks/3jcs3_vbp6pk4.js:0
[    7900ms] [WARNING] Dropped srcset candidate "https://d2aea4j8cd78rk.cloudfront.net/images/6683ec639f69bc6485cf8e46_soft" @ https://dev.shwapno.com/_next/static/chunks/3jcs3_vbp6pk4.js:0
[    7900ms] [WARNING] Failed parsing 'srcset' attribute value since it has an unknown descriptor. @ https://dev.shwapno.com/_next/static/chunks/3jcs3_vbp6pk4.js:0
[    7900ms] [WARNING] Dropped srcset candidate "https://d2aea4j8cd78rk.cloudfront.net/images/6683ec639f69bc6485cf8e46_soft" @ https://dev.shwapno.com/_next/static/chunks/3jcs3_vbp6pk4.js:0
[    7900ms] [WARNING] Failed parsing 'srcset' attribute value since it has an unknown descriptor. @ https://dev.shwapno.com/_next/static/chunks/3jcs3_vbp6pk4.js:0
[    7900ms] [WARNING] Dropped srcset candidate "https://d2aea4j8cd78rk.cloudfront.net/images/6683ec639f69bc6485cf8e46_soft" @ https://dev.shwapno.com/_next/static/chunks/3jcs3_vbp6pk4.js:0
[    7900ms] [WARNING] Failed parsing 'srcset' attribute value since it has an unknown descriptor. @ https://dev.shwapno.com/_next/static/chunks/3jcs3_vbp6pk4.js:0
[    7900ms] [WARNING] Dropped srcset candidate "https://d2aea4j8cd78rk.cloudfront.net/images/6683ec639f69bc6485cf8e46_soft" @ https://dev.shwapno.com/_next/static/chunks/3jcs3_vbp6pk4.js:0
[    7900ms] [WARNING] Failed parsing 'srcset' attribute value since it has an unknown descriptor. @ https://dev.shwapno.com/_next/static/chunks/3jcs3_vbp6pk4.js:0
[    7900ms] [WARNING] Dropped srcset candidate "https://d2aea4j8cd78rk.cloudfront.net/images/6683ec639f69bc6485cf8e46_soft" @ https://dev.shwapno.com/_next/static/chunks/3jcs3_vbp6pk4.js:0
[    7900ms] [WARNING] Failed parsing 'srcset' attribute value since it has an unknown descriptor. @ https://dev.shwapno.com/_next/static/chunks/3jcs3_vbp6pk4.js:0
[    7900ms] [WARNING] Dropped srcset candidate "https://d2aea4j8cd78rk.cloudfront.net/images/6683ec639f69bc6485cf8e46_soft" @ https://dev.shwapno.com/_next/static/chunks/3jcs3_vbp6pk4.js:0
[    7900ms] [WARNING] Failed parsing 'srcset' attribute value since it has an unknown descriptor. @ https://dev.shwapno.com/_next/static/chunks/3jcs3_vbp6pk4.js:0
[    7900ms] [WARNING] Dropped srcset candidate "https://d2aea4j8cd78rk.cloudfront.net/images/6683ec639f69bc6485cf8e46_soft" @ https://dev.shwapno.com/_next/static/chunks/3jcs3_vbp6pk4.js:0
[    7900ms] [WARNING] Failed parsing 'srcset' attribute value since it has an unknown descriptor. @ https://dev.shwapno.com/_next/static/chunks/3jcs3_vbp6pk4.js:0
[    7900ms] [WARNING] Dropped srcset candidate "https://d2aea4j8cd78rk.cloudfront.net/images/6683ec639f69bc6485cf8e46_soft" @ https://dev.shwapno.com/_next/static/chunks/3jcs3_vbp6pk4.js:0
[    7900ms] [WARNING] Failed parsing 'srcset' attribute value since it has an unknown descriptor. @ https://dev.shwapno.com/_next/static/chunks/3jcs3_vbp6pk4.js:0
[    7900ms] [WARNING] Dropped srcset candidate "https://d2aea4j8cd78rk.cloudfront.net/images/6683ec639f69bc6485cf8e46_soft" @ https://dev.shwapno.com/_next/static/chunks/3jcs3_vbp6pk4.js:0
[    7903ms] [WARNING] Failed parsing 'srcset' attribute value since it has an unknown descriptor. @ https://dev.shwapno.com/_next/static/chunks/3jcs3_vbp6pk4.js:0
[    7903ms] [WARNING] Dropped srcset candidate "https://d2aea4j8cd78rk.cloudfront.net/images/661f4e03da7e37dd220adf3d_Home" @ https://dev.shwapno.com/_next/static/chunks/3jcs3_vbp6pk4.js:0
[    7903ms] [WARNING] Failed parsing 'srcset' attribute value since it has an unknown descriptor. @ https://dev.shwapno.com/_next/static/chunks/3jcs3_vbp6pk4.js:0
[    7904ms] [WARNING] Dropped srcset candidate "https://d2aea4j8cd78rk.cloudfront.net/images/661f4e03da7e37dd220adf3d_Home" @ https://dev.shwapno.com/_next/static/chunks/3jcs3_vbp6pk4.js:0
[    7904ms] [WARNING] Failed parsing 'srcset' attribute value since it has an unknown descriptor. @ https://dev.shwapno.com/_next/static/chunks/3jcs3_vbp6pk4.js:0
[    7904ms] [WARNING] Dropped srcset candidate "https://d2aea4j8cd78rk.cloudfront.net/images/661f4e03da7e37dd220adf3d_Home" @ https://dev.shwapno.com/_next/static/chunks/3jcs3_vbp6pk4.js:0
[    7904ms] [WARNING] Failed parsing 'srcset' attribute value since it has an unknown descriptor. @ https://dev.shwapno.com/_next/static/chunks/3jcs3_vbp6pk4.js:0
[    7904ms] [WARNING] Dropped srcset candidate "https://d2aea4j8cd78rk.cloudfront.net/images/661f4e03da7e37dd220adf3d_Home" @ https://dev.shwapno.com/_next/static/chunks/3jcs3_vbp6pk4.js:0
[    7904ms] [WARNING] Failed parsing 'srcset' attribute value since it has an unknown descriptor. @ https://dev.shwapno.com/_next/static/chunks/3jcs3_vbp6pk4.js:0
[    7904ms] [WARNING] Dropped srcset candidate "https://d2aea4j8cd78rk.cloudfront.net/images/661f4e03da7e37dd220adf3d_Home" @ https://dev.shwapno.com/_next/static/chunks/3jcs3_vbp6pk4.js:0
[    7904ms] [WARNING] Failed parsing 'srcset' attribute value since it has an unknown descriptor. @ https://dev.shwapno.com/_next/static/chunks/3jcs3_vbp6pk4.js:0
[    7904ms] [WARNING] Dropped srcset candidate "https://d2aea4j8cd78rk.cloudfront.net/images/661f4e03da7e37dd220adf3d_Home" @ https://dev.shwapno.com/_next/static/chunks/3jcs3_vbp6pk4.js:0
[    7904ms] [WARNING] Failed parsing 'srcset' attribute value since it has an unknown descriptor. @ https://dev.shwapno.com/_next/static/chunks/3jcs3_vbp6pk4.js:0
[    7904ms] [WARNING] Dropped srcset candidate "https://d2aea4j8cd78rk.cloudfront.net/images/661f4e03da7e37dd220adf3d_Home" @ https://dev.shwapno.com/_next/static/chunks/3jcs3_vbp6pk4.js:0
[    7904ms] [WARNING] Failed parsing 'srcset' attribute value since it has an unknown descriptor. @ https://dev.shwapno.com/_next/static/chunks/3jcs3_vbp6pk4.js:0
[    7904ms] [WARNING] Dropped srcset candidate "https://d2aea4j8cd78rk.cloudfront.net/images/661f4e03da7e37dd220adf3d_Home" @ https://dev.shwapno.com/_next/static/chunks/3jcs3_vbp6pk4.js:0
[    7904ms] [WARNING] Failed parsing 'srcset' attribute value since it has an unknown descriptor. @ https://dev.shwapno.com/_next/static/chunks/3jcs3_vbp6pk4.js:0
[    7904ms] [WARNING] Dropped srcset candidate "https://d2aea4j8cd78rk.cloudfront.net/images/661f4e03da7e37dd220adf3d_Home" @ https://dev.shwapno.com/_next/static/chunks/3jcs3_vbp6pk4.js:0
[    7904ms] [WARNING] Failed parsing 'srcset' attribute value since it has an unknown descriptor. @ https://dev.shwapno.com/_next/static/chunks/3jcs3_vbp6pk4.js:0
[    7904ms] [WARNING] Dropped srcset candidate "https://d2aea4j8cd78rk.cloudfront.net/images/661f4e03da7e37dd220adf3d_Home" @ https://dev.shwapno.com/_next/static/chunks/3jcs3_vbp6pk4.js:0
[    7904ms] [WARNING] Failed parsing 'srcset' attribute value since it has an unknown descriptor. @ https://dev.shwapno.com/_next/static/chunks/3jcs3_vbp6pk4.js:0
[    7904ms] [WARNING] Dropped srcset candidate "https://d2aea4j8cd78rk.cloudfront.net/images/661f4e03da7e37dd220adf3d_Home" @ https://dev.shwapno.com/_next/static/chunks/3jcs3_vbp6pk4.js:0
[    7904ms] [WARNING] Failed parsing 'srcset' attribute value since it has an unknown descriptor. @ https://dev.shwapno.com/_next/static/chunks/3jcs3_vbp6pk4.js:0
[    7904ms] [WARNING] Dropped srcset candidate "https://d2aea4j8cd78rk.cloudfront.net/images/661f4e03da7e37dd220adf3d_Home" @ https://dev.shwapno.com/_next/static/chunks/3jcs3_vbp6pk4.js:0
[    7904ms] [WARNING] Failed parsing 'srcset' attribute value since it has an unknown descriptor. @ https://dev.shwapno.com/_next/static/chunks/3jcs3_vbp6pk4.js:0
[    7904ms] [WARNING] Dropped srcset candidate "https://d2aea4j8cd78rk.cloudfront.net/images/661f4e03da7e37dd220adf3d_Home" @ https://dev.shwapno.com/_next/static/chunks/3jcs3_vbp6pk4.js:0
[    7904ms] [WARNING] Failed parsing 'srcset' attribute value since it has an unknown descriptor. @ https://dev.shwapno.com/_next/static/chunks/3jcs3_vbp6pk4.js:0
[    7905ms] [WARNING] Dropped srcset candidate "https://d2aea4j8cd78rk.cloudfront.net/images/661f4e03da7e37dd220adf3d_Home" @ https://dev.shwapno.com/_next/static/chunks/3jcs3_vbp6pk4.js:0
[    7905ms] [WARNING] Failed parsing 'srcset' attribute value since it has an unknown descriptor. @ https://dev.shwapno.com/_next/static/chunks/3jcs3_vbp6pk4.js:0
[    7905ms] [WARNING] Dropped srcset candidate "https://d2aea4j8cd78rk.cloudfront.net/images/661f4e03da7e37dd220adf3d_Home" @ https://dev.shwapno.com/_next/static/chunks/3jcs3_vbp6pk4.js:0
[    7905ms] [WARNING] Failed parsing 'srcset' attribute value since it has an unknown descriptor. @ https://dev.shwapno.com/_next/static/chunks/3jcs3_vbp6pk4.js:0
[    7905ms] [WARNING] Dropped srcset candidate "https://d2aea4j8cd78rk.cloudfront.net/images/661f4e03da7e37dd220adf3d_Home" @ https://dev.shwapno.com/_next/static/chunks/3jcs3_vbp6pk4.js:0
[    7905ms] [WARNING] Failed parsing 'srcset' attribute value since it has an unknown descriptor. @ https://dev.shwapno.com/_next/static/chunks/3jcs3_vbp6pk4.js:0
[    7905ms] [WARNING] Dropped srcset candidate "https://d2aea4j8cd78rk.cloudfront.net/images/661f4e03da7e37dd220adf3d_Home" @ https://dev.shwapno.com/_next/static/chunks/3jcs3_vbp6pk4.js:0
[    7905ms] [WARNING] Failed parsing 'srcset' attribute value since it has an unknown descriptor. @ https://dev.shwapno.com/_next/static/chunks/3jcs3_vbp6pk4.js:0
[    7905ms] [WARNING] Dropped srcset candidate "https://d2aea4j8cd78rk.cloudfront.net/images/661f4e03da7e37dd220adf3d_Home" @ https://dev.shwapno.com/_next/static/chunks/3jcs3_vbp6pk4.js:0
[    7905ms] [WARNING] Failed parsing 'srcset' attribute value since it has an unknown descriptor. @ https://dev.shwapno.com/_next/static/chunks/3jcs3_vbp6pk4.js:0
[    7905ms] [WARNING] Dropped srcset candidate "https://d2aea4j8cd78rk.cloudfront.net/images/661f4e03da7e37dd220adf3d_Home" @ https://dev.shwapno.com/_next/static/chunks/3jcs3_vbp6pk4.js:0
[    7905ms] [WARNING] Failed parsing 'srcset' attribute value since it has an unknown descriptor. @ https://dev.shwapno.com/_next/static/chunks/3jcs3_vbp6pk4.js:0
[    7905ms] [WARNING] Dropped srcset candidate "https://d2aea4j8cd78rk.cloudfront.net/images/661f4e03da7e37dd220adf3d_Home" @ https://dev.shwapno.com/_next/static/chunks/3jcs3_vbp6pk4.js:0
[    7905ms] [WARNING] Failed parsing 'srcset' attribute value since it has an unknown descriptor. @ https://dev.shwapno.com/_next/static/chunks/3jcs3_vbp6pk4.js:0
[    7905ms] [WARNING] Dropped srcset candidate "https://d2aea4j8cd78rk.cloudfront.net/images/661f4e03da7e37dd220adf3d_Home" @ https://dev.shwapno.com/_next/static/chunks/3jcs3_vbp6pk4.js:0
[    7905ms] [WARNING] Failed parsing 'srcset' attribute value since it has an unknown descriptor. @ https://dev.shwapno.com/_next/static/chunks/3jcs3_vbp6pk4.js:0
[    7905ms] [WARNING] Dropped srcset candidate "https://d2aea4j8cd78rk.cloudfront.net/images/661f4e03da7e37dd220adf3d_Home" @ https://dev.shwapno.com/_next/static/chunks/3jcs3_vbp6pk4.js:0
[    7906ms] [WARNING] Failed parsing 'srcset' attribute value since it has an unknown descriptor. @ https://dev.shwapno.com/_next/static/chunks/3jcs3_vbp6pk4.js:0
[    7906ms] [WARNING] Dropped srcset candidate "https://d2aea4j8cd78rk.cloudfront.net/images/6682c9d8ae2c9abd70f18c33_fashion" @ https://dev.shwapno.com/_next/static/chunks/3jcs3_vbp6pk4.js:0
[    7906ms] [WARNING] Failed parsing 'srcset' attribute value since it has an unknown descriptor. @ https://dev.shwapno.com/_next/static/chunks/3jcs3_vbp6pk4.js:0
[    7906ms] [WARNING] Dropped srcset candidate "https://d2aea4j8cd78rk.cloudfront.net/images/6682c9d8ae2c9abd70f18c33_fashion" @ https://dev.shwapno.com/_next/static/chunks/3jcs3_vbp6pk4.js:0
[    7906ms] [WARNING] Failed parsing 'srcset' attribute value since it has an unknown descriptor. @ https://dev.shwapno.com/_next/static/chunks/3jcs3_vbp6pk4.js:0
[    7906ms] [WARNING] Dropped srcset candidate "https://d2aea4j8cd78rk.cloudfront.net/images/6682c9d8ae2c9abd70f18c33_fashion" @ https://dev.shwapno.com/_next/static/chunks/3jcs3_vbp6pk4.js:0
[    7906ms] [WARNING] Failed parsing 'srcset' attribute value since it has an unknown descriptor. @ https://dev.shwapno.com/_next/static/chunks/3jcs3_vbp6pk4.js:0
[    7906ms] [WARNING] Dropped srcset candidate "https://d2aea4j8cd78rk.cloudfront.net/images/6682c9d8ae2c9abd70f18c33_fashion" @ https://dev.shwapno.com/_next/static/chunks/3jcs3_vbp6pk4.js:0
[    7906ms] [WARNING] Failed parsing 'srcset' attribute value since it has an unknown descriptor. @ https://dev.shwapno.com/_next/static/chunks/3jcs3_vbp6pk4.js:0
[    7906ms] [WARNING] Dropped srcset candidate "https://d2aea4j8cd78rk.cloudfront.net/images/6682c9d8ae2c9abd70f18c33_fashion" @ https://dev.shwapno.com/_next/static/chunks/3jcs3_vbp6pk4.js:0
[    7906ms] [WARNING] Failed parsing 'srcset' attribute value since it has an unknown descriptor. @ https://dev.shwapno.com/_next/static/chunks/3jcs3_vbp6pk4.js:0
[    7906ms] [WARNING] Dropped srcset candidate "https://d2aea4j8cd78rk.cloudfront.net/images/6682c9d8ae2c9abd70f18c33_fashion" @ https://dev.shwapno.com/_next/static/chunks/3jcs3_vbp6pk4.js:0
[    7907ms] [WARNING] Failed parsing 'srcset' attribute value since it has an unknown descriptor. @ https://dev.shwapno.com/_next/static/chunks/3jcs3_vbp6pk4.js:0
[    7907ms] [WARNING] Dropped srcset candidate "https://d2aea4j8cd78rk.cloudfront.net/images/6682c9d8ae2c9abd70f18c33_fashion" @ https://dev.shwapno.com/_next/static/chunks/3jcs3_vbp6pk4.js:0
[    7907ms] [WARNING] Failed parsing 'srcset' attribute value since it has an unknown descriptor. @ https://dev.shwapno.com/_next/static/chunks/3jcs3_vbp6pk4.js:0
[    7907ms] [WARNING] Dropped srcset candidate "https://d2aea4j8cd78rk.cloudfront.net/images/6682c9d8ae2c9abd70f18c33_fashion" @ https://dev.shwapno.com/_next/static/chunks/3jcs3_vbp6pk4.js:0
[    7907ms] [WARNING] Failed parsing 'srcset' attribute value since it has an unknown descriptor. @ https://dev.shwapno.com/_next/static/chunks/3jcs3_vbp6pk4.js:0
[    7907ms] [WARNING] Dropped srcset candidate "https://d2aea4j8cd78rk.cloudfront.net/images/6682c9d8ae2c9abd70f18c33_fashion" @ https://dev.shwapno.com/_next/static/chunks/3jcs3_vbp6pk4.js:0
[    7907ms] [WARNING] Failed parsing 'srcset' attribute value since it has an unknown descriptor. @ https://dev.shwapno.com/_next/static/chunks/3jcs3_vbp6pk4.js:0
[    7907ms] [WARNING] Dropped srcset candidate "https://d2aea4j8cd78rk.cloudfront.net/images/6682c9d8ae2c9abd70f18c33_fashion" @ https://dev.shwapno.com/_next/static/chunks/3jcs3_vbp6pk4.js:0
[    7907ms] [WARNING] Failed parsing 'srcset' attribute value since it has an unknown descriptor. @ https://dev.shwapno.com/_next/static/chunks/3jcs3_vbp6pk4.js:0
[    7907ms] [WARNING] Dropped srcset candidate "https://d2aea4j8cd78rk.cloudfront.net/images/6682c9d8ae2c9abd70f18c33_fashion" @ https://dev.shwapno.com/_next/static/chunks/3jcs3_vbp6pk4.js:0
[    7907ms] [WARNING] Failed parsing 'srcset' attribute value since it has an unknown descriptor. @ https://dev.shwapno.com/_next/static/chunks/3jcs3_vbp6pk4.js:0
[    7907ms] [WARNING] Dropped srcset candidate "https://d2aea4j8cd78rk.cloudfront.net/images/6682c9d8ae2c9abd70f18c33_fashion" @ https://dev.shwapno.com/_next/static/chunks/3jcs3_vbp6pk4.js:0
[    7907ms] [WARNING] Failed parsing 'srcset' attribute value since it has an unknown descriptor. @ https://dev.shwapno.com/_next/static/chunks/3jcs3_vbp6pk4.js:0
[    7907ms] [WARNING] Dropped srcset candidate "https://d2aea4j8cd78rk.cloudfront.net/images/6682c9d8ae2c9abd70f18c33_fashion" @ https://dev.shwapno.com/_next/static/chunks/3jcs3_vbp6pk4.js:0
[    7907ms] [WARNING] Failed parsing 'srcset' attribute value since it has an unknown descriptor. @ https://dev.shwapno.com/_next/static/chunks/3jcs3_vbp6pk4.js:0
[    7907ms] [WARNING] Dropped srcset candidate "https://d2aea4j8cd78rk.cloudfront.net/images/6682c9d8ae2c9abd70f18c33_fashion" @ https://dev.shwapno.com/_next/static/chunks/3jcs3_vbp6pk4.js:0
[    7907ms] [WARNING] Failed parsing 'srcset' attribute value since it has an unknown descriptor. @ https://dev.shwapno.com/_next/static/chunks/3jcs3_vbp6pk4.js:0
[    7907ms] [WARNING] Dropped srcset candidate "https://d2aea4j8cd78rk.cloudfront.net/images/6682c9d8ae2c9abd70f18c33_fashion" @ https://dev.shwapno.com/_next/static/chunks/3jcs3_vbp6pk4.js:0
[    7907ms] [WARNING] Failed parsing 'srcset' attribute value since it has an unknown descriptor. @ https://dev.shwapno.com/_next/static/chunks/3jcs3_vbp6pk4.js:0
[    7907ms] [WARNING] Dropped srcset candidate "https://d2aea4j8cd78rk.cloudfront.net/images/6682c9d8ae2c9abd70f18c33_fashion" @ https://dev.shwapno.com/_next/static/chunks/3jcs3_vbp6pk4.js:0
[    7907ms] [WARNING] Failed parsing 'srcset' attribute value since it has an unknown descriptor. @ https://dev.shwapno.com/_next/static/chunks/3jcs3_vbp6pk4.js:0
[    7907ms] [WARNING] Dropped srcset candidate "https://d2aea4j8cd78rk.cloudfront.net/images/6682c9d8ae2c9abd70f18c33_fashion" @ https://dev.shwapno.com/_next/static/chunks/3jcs3_vbp6pk4.js:0
[    7907ms] [WARNING] Failed parsing 'srcset' attribute value since it has an unknown descriptor. @ https://dev.shwapno.com/_next/static/chunks/3jcs3_vbp6pk4.js:0
[    7907ms] [WARNING] Dropped srcset candidate "https://d2aea4j8cd78rk.cloudfront.net/images/6682c9d8ae2c9abd70f18c33_fashion" @ https://dev.shwapno.com/_next/static/chunks/3jcs3_vbp6pk4.js:0
[    7907ms] [WARNING] Failed parsing 'srcset' attribute value since it has an unknown descriptor. @ https://dev.shwapno.com/_next/static/chunks/3jcs3_vbp6pk4.js:0
[    7907ms] [WARNING] Dropped srcset candidate "https://d2aea4j8cd78rk.cloudfront.net/images/6682c9d8ae2c9abd70f18c33_fashion" @ https://dev.shwapno.com/_next/static/chunks/3jcs3_vbp6pk4.js:0
[    7907ms] [WARNING] Failed parsing 'srcset' attribute value since it has an unknown descriptor. @ https://dev.shwapno.com/_next/static/chunks/3jcs3_vbp6pk4.js:0
[    7907ms] [WARNING] Dropped srcset candidate "https://d2aea4j8cd78rk.cloudfront.net/images/6682c9d8ae2c9abd70f18c33_fashion" @ https://dev.shwapno.com/_next/static/chunks/3jcs3_vbp6pk4.js:0
[    7907ms] [WARNING] Failed parsing 'srcset' attribute value since it has an unknown descriptor. @ https://dev.shwapno.com/_next/static/chunks/3jcs3_vbp6pk4.js:0
[    7907ms] [WARNING] Dropped srcset candidate "https://d2aea4j8cd78rk.cloudfront.net/images/6682c9d8ae2c9abd70f18c33_fashion" @ https://dev.shwapno.com/_next/static/chunks/3jcs3_vbp6pk4.js:0
[    7908ms] [WARNING] Failed parsing 'srcset' attribute value since it has an unknown descriptor. @ https://dev.shwapno.com/_next/static/chunks/3jcs3_vbp6pk4.js:0
[    7908ms] [WARNING] Dropped srcset candidate "https://d2aea4j8cd78rk.cloudfront.net/images/6682c9d8ae2c9abd70f18c33_fashion" @ https://dev.shwapno.com/_next/static/chunks/3jcs3_vbp6pk4.js:0
[    7966ms] [WARNING] Failed parsing 'srcset' attribute value since it has an unknown descriptor. @ https://dev.shwapno.com/_next/static/chunks/3jcs3_vbp6pk4.js:0
[    7966ms] [WARNING] Dropped srcset candidate "https://d2aea4j8cd78rk.cloudfront.net/images/6683ec639f69bc6485cf8e46_soft" @ https://dev.shwapno.com/_next/static/chunks/3jcs3_vbp6pk4.js:0
[    7966ms] [WARNING] Failed parsing 'srcset' attribute value since it has an unknown descriptor. @ https://dev.shwapno.com/_next/static/chunks/3jcs3_vbp6pk4.js:0
[    7966ms] [WARNING] Dropped srcset candidate "https://d2aea4j8cd78rk.cloudfront.net/images/6683ec639f69bc6485cf8e46_soft" @ https://dev.shwapno.com/_next/static/chunks/3jcs3_vbp6pk4.js:0
[    7966ms] [WARNING] Failed parsing 'srcset' attribute value since it has an unknown descriptor. @ https://dev.shwapno.com/_next/static/chunks/3jcs3_vbp6pk4.js:0
[    7966ms] [WARNING] Dropped srcset candidate "https://d2aea4j8cd78rk.cloudfront.net/images/6683ec639f69bc6485cf8e46_soft" @ https://dev.shwapno.com/_next/static/chunks/3jcs3_vbp6pk4.js:0
[    7966ms] [WARNING] Failed parsing 'srcset' attribute value since it has an unknown descriptor. @ https://dev.shwapno.com/_next/static/chunks/3jcs3_vbp6pk4.js:0
[    7966ms] [WARNING] Dropped srcset candidate "https://d2aea4j8cd78rk.cloudfront.net/images/6683ec639f69bc6485cf8e46_soft" @ https://dev.shwapno.com/_next/static/chunks/3jcs3_vbp6pk4.js:0
[    7966ms] [WARNING] Failed parsing 'srcset' attribute value since it has an unknown descriptor. @ https://dev.shwapno.com/_next/static/chunks/3jcs3_vbp6pk4.js:0
[    7966ms] [WARNING] Dropped srcset candidate "https://d2aea4j8cd78rk.cloudfront.net/images/6683ec639f69bc6485cf8e46_soft" @ https://dev.shwapno.com/_next/static/chunks/3jcs3_vbp6pk4.js:0
[    7966ms] [WARNING] Failed parsing 'srcset' attribute value since it has an unknown descriptor. @ https://dev.shwapno.com/_next/static/chunks/3jcs3_vbp6pk4.js:0
[    7966ms] [WARNING] Dropped srcset candidate "https://d2aea4j8cd78rk.cloudfront.net/images/6683ec639f69bc6485cf8e46_soft" @ https://dev.shwapno.com/_next/static/chunks/3jcs3_vbp6pk4.js:0
[    7966ms] [WARNING] Failed parsing 'srcset' attribute value since it has an unknown descriptor. @ https://dev.shwapno.com/_next/static/chunks/3jcs3_vbp6pk4.js:0
[    7966ms] [WARNING] Dropped srcset candidate "https://d2aea4j8cd78rk.cloudfront.net/images/6683ec639f69bc6485cf8e46_soft" @ https://dev.shwapno.com/_next/static/chunks/3jcs3_vbp6pk4.js:0
[    7966ms] [WARNING] Failed parsing 'srcset' attribute value since it has an unknown descriptor. @ https://dev.shwapno.com/_next/static/chunks/3jcs3_vbp6pk4.js:0
[    7966ms] [WARNING] Dropped srcset candidate "https://d2aea4j8cd78rk.cloudfront.net/images/6683ec639f69bc6485cf8e46_soft" @ https://dev.shwapno.com/_next/static/chunks/3jcs3_vbp6pk4.js:0
[    7966ms] [WARNING] Failed parsing 'srcset' attribute value since it has an unknown descriptor. @ https://dev.shwapno.com/_next/static/chunks/3jcs3_vbp6pk4.js:0
[    7966ms] [WARNING] Dropped srcset candidate "https://d2aea4j8cd78rk.cloudfront.net/images/6683ec639f69bc6485cf8e46_soft" @ https://dev.shwapno.com/_next/static/chunks/3jcs3_vbp6pk4.js:0
[    7966ms] [WARNING] Failed parsing 'srcset' attribute value since it has an unknown descriptor. @ https://dev.shwapno.com/_next/static/chunks/3jcs3_vbp6pk4.js:0
[    7966ms] [WARNING] Dropped srcset candidate "https://d2aea4j8cd78rk.cloudfront.net/images/6683ec639f69bc6485cf8e46_soft" @ https://dev.shwapno.com/_next/static/chunks/3jcs3_vbp6pk4.js:0
[    7966ms] [WARNING] Failed parsing 'srcset' attribute value since it has an unknown descriptor. @ https://dev.shwapno.com/_next/static/chunks/3jcs3_vbp6pk4.js:0
[    7966ms] [WARNING] Dropped srcset candidate "https://d2aea4j8cd78rk.cloudfront.net/images/6683ec639f69bc6485cf8e46_soft" @ https://dev.shwapno.com/_next/static/chunks/3jcs3_vbp6pk4.js:0
[    7966ms] [WARNING] Failed parsing 'srcset' attribute value since it has an unknown descriptor. @ https://dev.shwapno.com/_next/static/chunks/3jcs3_vbp6pk4.js:0
[    7966ms] [WARNING] Dropped srcset candidate "https://d2aea4j8cd78rk.cloudfront.net/images/6683ec639f69bc6485cf8e46_soft" @ https://dev.shwapno.com/_next/static/chunks/3jcs3_vbp6pk4.js:0
[    7967ms] [WARNING] Failed parsing 'srcset' attribute value since it has an unknown descriptor. @ https://dev.shwapno.com/_next/static/chunks/3jcs3_vbp6pk4.js:0
[    7967ms] [WARNING] Dropped srcset candidate "https://d2aea4j8cd78rk.cloudfront.net/images/6683ec639f69bc6485cf8e46_soft" @ https://dev.shwapno.com/_next/static/chunks/3jcs3_vbp6pk4.js:0
[    7967ms] [WARNING] Failed parsing 'srcset' attribute value since it has an unknown descriptor. @ https://dev.shwapno.com/_next/static/chunks/3jcs3_vbp6pk4.js:0
[    7967ms] [WARNING] Dropped srcset candidate "https://d2aea4j8cd78rk.cloudfront.net/images/6683ec639f69bc6485cf8e46_soft" @ https://dev.shwapno.com/_next/static/chunks/3jcs3_vbp6pk4.js:0
[    7967ms] [WARNING] Failed parsing 'srcset' attribute value since it has an unknown descriptor. @ https://dev.shwapno.com/_next/static/chunks/3jcs3_vbp6pk4.js:0
[    7967ms] [WARNING] Dropped srcset candidate "https://d2aea4j8cd78rk.cloudfront.net/images/6683ec639f69bc6485cf8e46_soft" @ https://dev.shwapno.com/_next/static/chunks/3jcs3_vbp6pk4.js:0
[    7967ms] [WARNING] Failed parsing 'srcset' attribute value since it has an unknown descriptor. @ https://dev.shwapno.com/_next/static/chunks/3jcs3_vbp6pk4.js:0
[    7967ms] [WARNING] Dropped srcset candidate "https://d2aea4j8cd78rk.cloudfront.net/images/6683ec639f69bc6485cf8e46_soft" @ https://dev.shwapno.com/_next/static/chunks/3jcs3_vbp6pk4.js:0
[    7967ms] [WARNING] Failed parsing 'srcset' attribute value since it has an unknown descriptor. @ https://dev.shwapno.com/_next/static/chunks/3jcs3_vbp6pk4.js:0
[    7967ms] [WARNING] Dropped srcset candidate "https://d2aea4j8cd78rk.cloudfront.net/images/6683ec639f69bc6485cf8e46_soft" @ https://dev.shwapno.com/_next/static/chunks/3jcs3_vbp6pk4.js:0
[    7967ms] [WARNING] Failed parsing 'srcset' attribute value since it has an unknown descriptor. @ https://dev.shwapno.com/_next/static/chunks/3jcs3_vbp6pk4.js:0
[    7967ms] [WARNING] Dropped srcset candidate "https://d2aea4j8cd78rk.cloudfront.net/images/6683ec639f69bc6485cf8e46_soft" @ https://dev.shwapno.com/_next/static/chunks/3jcs3_vbp6pk4.js:0
[    7967ms] [WARNING] Failed parsing 'srcset' attribute value since it has an unknown descriptor. @ https://dev.shwapno.com/_next/static/chunks/3jcs3_vbp6pk4.js:0
[    7967ms] [WARNING] Dropped srcset candidate "https://d2aea4j8cd78rk.cloudfront.net/images/6683ec639f69bc6485cf8e46_soft" @ https://dev.shwapno.com/_next/static/chunks/3jcs3_vbp6pk4.js:0
[    7967ms] [WARNING] Failed parsing 'srcset' attribute value since it has an unknown descriptor. @ https://dev.shwapno.com/_next/static/chunks/3jcs3_vbp6pk4.js:0
[    7967ms] [WARNING] Dropped srcset candidate "https://d2aea4j8cd78rk.cloudfront.net/images/6683ec639f69bc6485cf8e46_soft" @ https://dev.shwapno.com/_next/static/chunks/3jcs3_vbp6pk4.js:0
[    7967ms] [WARNING] Failed parsing 'srcset' attribute value since it has an unknown descriptor. @ https://dev.shwapno.com/_next/static/chunks/3jcs3_vbp6pk4.js:0
[    7967ms] [WARNING] Dropped srcset candidate "https://d2aea4j8cd78rk.cloudfront.net/images/6683ec639f69bc6485cf8e46_soft" @ https://dev.shwapno.com/_next/static/chunks/3jcs3_vbp6pk4.js:0
[    7967ms] [WARNING] Failed parsing 'srcset' attribute value since it has an unknown descriptor. @ https://dev.shwapno.com/_next/static/chunks/3jcs3_vbp6pk4.js:0
[    7967ms] [WARNING] Dropped srcset candidate "https://d2aea4j8cd78rk.cloudfront.net/images/6683ec639f69bc6485cf8e46_soft" @ https://dev.shwapno.com/_next/static/chunks/3jcs3_vbp6pk4.js:0
[    7968ms] [WARNING] Failed parsing 'srcset' attribute value since it has an unknown descriptor. @ https://dev.shwapno.com/_next/static/chunks/3jcs3_vbp6pk4.js:0
[    7968ms] [WARNING] Dropped srcset candidate "https://d2aea4j8cd78rk.cloudfront.net/images/661f4e03da7e37dd220adf3d_Home" @ https://dev.shwapno.com/_next/static/chunks/3jcs3_vbp6pk4.js:0
[    7968ms] [WARNING] Failed parsing 'srcset' attribute value since it has an unknown descriptor. @ https://dev.shwapno.com/_next/static/chunks/3jcs3_vbp6pk4.js:0
[    7968ms] [WARNING] Dropped srcset candidate "https://d2aea4j8cd78rk.cloudfront.net/images/661f4e03da7e37dd220adf3d_Home" @ https://dev.shwapno.com/_next/static/chunks/3jcs3_vbp6pk4.js:0
[    7969ms] [WARNING] Failed parsing 'srcset' attribute value since it has an unknown descriptor. @ https://dev.shwapno.com/_next/static/chunks/3jcs3_vbp6pk4.js:0
[    7969ms] [WARNING] Dropped srcset candidate "https://d2aea4j8cd78rk.cloudfront.net/images/661f4e03da7e37dd220adf3d_Home" @ https://dev.shwapno.com/_next/static/chunks/3jcs3_vbp6pk4.js:0
[    7969ms] [WARNING] Failed parsing 'srcset' attribute value since it has an unknown descriptor. @ https://dev.shwapno.com/_next/static/chunks/3jcs3_vbp6pk4.js:0
[    7969ms] [WARNING] Dropped srcset candidate "https://d2aea4j8cd78rk.cloudfront.net/images/661f4e03da7e37dd220adf3d_Home" @ https://dev.shwapno.com/_next/static/chunks/3jcs3_vbp6pk4.js:0
[    7969ms] [WARNING] Failed parsing 'srcset' attribute value since it has an unknown descriptor. @ https://dev.shwapno.com/_next/static/chunks/3jcs3_vbp6pk4.js:0
[    7969ms] [WARNING] Dropped srcset candidate "https://d2aea4j8cd78rk.cloudfront.net/images/661f4e03da7e37dd220adf3d_Home" @ https://dev.shwapno.com/_next/static/chunks/3jcs3_vbp6pk4.js:0
[    7969ms] [WARNING] Failed parsing 'srcset' attribute value since it has an unknown descriptor. @ https://dev.shwapno.com/_next/static/chunks/3jcs3_vbp6pk4.js:0
[    7969ms] [WARNING] Dropped srcset candidate "https://d2aea4j8cd78rk.cloudfront.net/images/661f4e03da7e37dd220adf3d_Home" @ https://dev.shwapno.com/_next/static/chunks/3jcs3_vbp6pk4.js:0
[    7969ms] [WARNING] Failed parsing 'srcset' attribute value since it has an unknown descriptor. @ https://dev.shwapno.com/_next/static/chunks/3jcs3_vbp6pk4.js:0
[    7969ms] [WARNING] Dropped srcset candidate "https://d2aea4j8cd78rk.cloudfront.net/images/661f4e03da7e37dd220adf3d_Home" @ https://dev.shwapno.com/_next/static/chunks/3jcs3_vbp6pk4.js:0
[    7969ms] [WARNING] Failed parsing 'srcset' attribute value since it has an unknown descriptor. @ https://dev.shwapno.com/_next/static/chunks/3jcs3_vbp6pk4.js:0
[    7969ms] [WARNING] Dropped srcset candidate "https://d2aea4j8cd78rk.cloudfront.net/images/661f4e03da7e37dd220adf3d_Home" @ https://dev.shwapno.com/_next/static/chunks/3jcs3_vbp6pk4.js:0
[    7969ms] [WARNING] Failed parsing 'srcset' attribute value since it has an unknown descriptor. @ https://dev.shwapno.com/_next/static/chunks/3jcs3_vbp6pk4.js:0
[    7969ms] [WARNING] Dropped srcset candidate "https://d2aea4j8cd78rk.cloudfront.net/images/661f4e03da7e37dd220adf3d_Home" @ https://dev.shwapno.com/_next/static/chunks/3jcs3_vbp6pk4.js:0
[    7969ms] [WARNING] Failed parsing 'srcset' attribute value since it has an unknown descriptor. @ https://dev.shwapno.com/_next/static/chunks/3jcs3_vbp6pk4.js:0
[    7970ms] [WARNING] Dropped srcset candidate "https://d2aea4j8cd78rk.cloudfront.net/images/661f4e03da7e37dd220adf3d_Home" @ https://dev.shwapno.com/_next/static/chunks/3jcs3_vbp6pk4.js:0
[    7970ms] [WARNING] Failed parsing 'srcset' attribute value since it has an unknown descriptor. @ https://dev.shwapno.com/_next/static/chunks/3jcs3_vbp6pk4.js:0
[    7970ms] [WARNING] Dropped srcset candidate "https://d2aea4j8cd78rk.cloudfront.net/images/661f4e03da7e37dd220adf3d_Home" @ https://dev.shwapno.com/_next/static/chunks/3jcs3_vbp6pk4.js:0
[    7970ms] [WARNING] Failed parsing 'srcset' attribute value since it has an unknown descriptor. @ https://dev.shwapno.com/_next/static/chunks/3jcs3_vbp6pk4.js:0
[    7970ms] [WARNING] Dropped srcset candidate "https://d2aea4j8cd78rk.cloudfront.net/images/661f4e03da7e37dd220adf3d_Home" @ https://dev.shwapno.com/_next/static/chunks/3jcs3_vbp6pk4.js:0
[    7970ms] [WARNING] Failed parsing 'srcset' attribute value since it has an unknown descriptor. @ https://dev.shwapno.com/_next/static/chunks/3jcs3_vbp6pk4.js:0
[    7970ms] [WARNING] Dropped srcset candidate "https://d2aea4j8cd78rk.cloudfront.net/images/661f4e03da7e37dd220adf3d_Home" @ https://dev.shwapno.com/_next/static/chunks/3jcs3_vbp6pk4.js:0
[    7970ms] [WARNING] Failed parsing 'srcset' attribute value since it has an unknown descriptor. @ https://dev.shwapno.com/_next/static/chunks/3jcs3_vbp6pk4.js:0
[    7970ms] [WARNING] Dropped srcset candidate "https://d2aea4j8cd78rk.cloudfront.net/images/661f4e03da7e37dd220adf3d_Home" @ https://dev.shwapno.com/_next/static/chunks/3jcs3_vbp6pk4.js:0
[    7970ms] [WARNING] Failed parsing 'srcset' attribute value since it has an unknown descriptor. @ https://dev.shwapno.com/_next/static/chunks/3jcs3_vbp6pk4.js:0
[    7970ms] [WARNING] Dropped srcset candidate "https://d2aea4j8cd78rk.cloudfront.net/images/661f4e03da7e37dd220adf3d_Home" @ https://dev.shwapno.com/_next/static/chunks/3jcs3_vbp6pk4.js:0
[    7970ms] [WARNING] Failed parsing 'srcset' attribute value since it has an unknown descriptor. @ https://dev.shwapno.com/_next/static/chunks/3jcs3_vbp6pk4.js:0
[    7970ms] [WARNING] Dropped srcset candidate "https://d2aea4j8cd78rk.cloudfront.net/images/661f4e03da7e37dd220adf3d_Home" @ https://dev.shwapno.com/_next/static/chunks/3jcs3_vbp6pk4.js:0
[    7970ms] [WARNING] Failed parsing 'srcset' attribute value since it has an unknown descriptor. @ https://dev.shwapno.com/_next/static/chunks/3jcs3_vbp6pk4.js:0
[    7970ms] [WARNING] Dropped srcset candidate "https://d2aea4j8cd78rk.cloudfront.net/images/661f4e03da7e37dd220adf3d_Home" @ https://dev.shwapno.com/_next/static/chunks/3jcs3_vbp6pk4.js:0
[    7970ms] [WARNING] Failed parsing 'srcset' attribute value since it has an unknown descriptor. @ https://dev.shwapno.com/_next/static/chunks/3jcs3_vbp6pk4.js:0
[    7970ms] [WARNING] Dropped srcset candidate "https://d2aea4j8cd78rk.cloudfront.net/images/661f4e03da7e37dd220adf3d_Home" @ https://dev.shwapno.com/_next/static/chunks/3jcs3_vbp6pk4.js:0
[    7970ms] [WARNING] Failed parsing 'srcset' attribute value since it has an unknown descriptor. @ https://dev.shwapno.com/_next/static/chunks/3jcs3_vbp6pk4.js:0
[    7970ms] [WARNING] Dropped srcset candidate "https://d2aea4j8cd78rk.cloudfront.net/images/661f4e03da7e37dd220adf3d_Home" @ https://dev.shwapno.com/_next/static/chunks/3jcs3_vbp6pk4.js:0
[    7970ms] [WARNING] Failed parsing 'srcset' attribute value since it has an unknown descriptor. @ https://dev.shwapno.com/_next/static/chunks/3jcs3_vbp6pk4.js:0
[    7970ms] [WARNING] Dropped srcset candidate "https://d2aea4j8cd78rk.cloudfront.net/images/661f4e03da7e37dd220adf3d_Home" @ https://dev.shwapno.com/_next/static/chunks/3jcs3_vbp6pk4.js:0
[    7970ms] [WARNING] Failed parsing 'srcset' attribute value since it has an unknown descriptor. @ https://dev.shwapno.com/_next/static/chunks/3jcs3_vbp6pk4.js:0
[    7970ms] [WARNING] Dropped srcset candidate "https://d2aea4j8cd78rk.cloudfront.net/images/661f4e03da7e37dd220adf3d_Home" @ https://dev.shwapno.com/_next/static/chunks/3jcs3_vbp6pk4.js:0
[    7970ms] [WARNING] Failed parsing 'srcset' attribute value since it has an unknown descriptor. @ https://dev.shwapno.com/_next/static/chunks/3jcs3_vbp6pk4.js:0
[    7970ms] [WARNING] Dropped srcset candidate "https://d2aea4j8cd78rk.cloudfront.net/images/661f4e03da7e37dd220adf3d_Home" @ https://dev.shwapno.com/_next/static/chunks/3jcs3_vbp6pk4.js:0
[    7973ms] [WARNING] Failed parsing 'srcset' attribute value since it has an unknown descriptor. @ https://dev.shwapno.com/_next/static/chunks/3jcs3_vbp6pk4.js:0
[    7973ms] [WARNING] Dropped srcset candidate "https://d2aea4j8cd78rk.cloudfront.net/images/6682c9d8ae2c9abd70f18c33_fashion" @ https://dev.shwapno.com/_next/static/chunks/3jcs3_vbp6pk4.js:0
[    7973ms] [WARNING] Failed parsing 'srcset' attribute value since it has an unknown descriptor. @ https://dev.shwapno.com/_next/static/chunks/3jcs3_vbp6pk4.js:0
[    7973ms] [WARNING] Dropped srcset candidate "https://d2aea4j8cd78rk.cloudfront.net/images/6682c9d8ae2c9abd70f18c33_fashion" @ https://dev.shwapno.com/_next/static/chunks/3jcs3_vbp6pk4.js:0
[    7973ms] [WARNING] Failed parsing 'srcset' attribute value since it has an unknown descriptor. @ https://dev.shwapno.com/_next/static/chunks/3jcs3_vbp6pk4.js:0
[    7973ms] [WARNING] Dropped srcset candidate "https://d2aea4j8cd78rk.cloudfront.net/images/6682c9d8ae2c9abd70f18c33_fashion" @ https://dev.shwapno.com/_next/static/chunks/3jcs3_vbp6pk4.js:0
[    7973ms] [WARNING] Failed parsing 'srcset' attribute value since it has an unknown descriptor. @ https://dev.shwapno.com/_next/static/chunks/3jcs3_vbp6pk4.js:0
[    7973ms] [WARNING] Dropped srcset candidate "https://d2aea4j8cd78rk.cloudfront.net/images/6682c9d8ae2c9abd70f18c33_fashion" @ https://dev.shwapno.com/_next/static/chunks/3jcs3_vbp6pk4.js:0
[    7973ms] [WARNING] Failed parsing 'srcset' attribute value since it has an unknown descriptor. @ https://dev.shwapno.com/_next/static/chunks/3jcs3_vbp6pk4.js:0
[    7973ms] [WARNING] Dropped srcset candidate "https://d2aea4j8cd78rk.cloudfront.net/images/6682c9d8ae2c9abd70f18c33_fashion" @ https://dev.shwapno.com/_next/static/chunks/3jcs3_vbp6pk4.js:0
[    7973ms] [WARNING] Failed parsing 'srcset' attribute value since it has an unknown descriptor. @ https://dev.shwapno.com/_next/static/chunks/3jcs3_vbp6pk4.js:0
[    7974ms] [WARNING] Dropped srcset candidate "https://d2aea4j8cd78rk.cloudfront.net/images/6682c9d8ae2c9abd70f18c33_fashion" @ https://dev.shwapno.com/_next/static/chunks/3jcs3_vbp6pk4.js:0
[    7974ms] [WARNING] Failed parsing 'srcset' attribute value since it has an unknown descriptor. @ https://dev.shwapno.com/_next/static/chunks/3jcs3_vbp6pk4.js:0
[    7974ms] [WARNING] Dropped srcset candidate "https://d2aea4j8cd78rk.cloudfront.net/images/6682c9d8ae2c9abd70f18c33_fashion" @ https://dev.shwapno.com/_next/static/chunks/3jcs3_vbp6pk4.js:0
[    7974ms] [WARNING] Failed parsing 'srcset' attribute value since it has an unknown descriptor. @ https://dev.shwapno.com/_next/static/chunks/3jcs3_vbp6pk4.js:0
[    7974ms] [WARNING] Dropped srcset candidate "https://d2aea4j8cd78rk.cloudfront.net/images/6682c9d8ae2c9abd70f18c33_fashion" @ https://dev.shwapno.com/_next/static/chunks/3jcs3_vbp6pk4.js:0
[    7974ms] [WARNING] Failed parsing 'srcset' attribute value since it has an unknown descriptor. @ https://dev.shwapno.com/_next/static/chunks/3jcs3_vbp6pk4.js:0
[    7974ms] [WARNING] Dropped srcset candidate "https://d2aea4j8cd78rk.cloudfront.net/images/6682c9d8ae2c9abd70f18c33_fashion" @ https://dev.shwapno.com/_next/static/chunks/3jcs3_vbp6pk4.js:0
[    7974ms] [WARNING] Failed parsing 'srcset' attribute value since it has an unknown descriptor. @ https://dev.shwapno.com/_next/static/chunks/3jcs3_vbp6pk4.js:0
[    7974ms] [WARNING] Dropped srcset candidate "https://d2aea4j8cd78rk.cloudfront.net/images/6682c9d8ae2c9abd70f18c33_fashion" @ https://dev.shwapno.com/_next/static/chunks/3jcs3_vbp6pk4.js:0
[    7974ms] [WARNING] Failed parsing 'srcset' attribute value since it has an unknown descriptor. @ https://dev.shwapno.com/_next/static/chunks/3jcs3_vbp6pk4.js:0
[    7974ms] [WARNING] Dropped srcset candidate "https://d2aea4j8cd78rk.cloudfront.net/images/6682c9d8ae2c9abd70f18c33_fashion" @ https://dev.shwapno.com/_next/static/chunks/3jcs3_vbp6pk4.js:0
[    7974ms] [WARNING] Failed parsing 'srcset' attribute value since it has an unknown descriptor. @ https://dev.shwapno.com/_next/static/chunks/3jcs3_vbp6pk4.js:0
[    7974ms] [WARNING] Dropped srcset candidate "https://d2aea4j8cd78rk.cloudfront.net/images/6682c9d8ae2c9abd70f18c33_fashion" @ https://dev.shwapno.com/_next/static/chunks/3jcs3_vbp6pk4.js:0
[    7974ms] [WARNING] Failed parsing 'srcset' attribute value since it has an unknown descriptor. @ https://dev.shwapno.com/_next/static/chunks/3jcs3_vbp6pk4.js:0
[    7974ms] [WARNING] Dropped srcset candidate "https://d2aea4j8cd78rk.cloudfront.net/images/6682c9d8ae2c9abd70f18c33_fashion" @ https://dev.shwapno.com/_next/static/chunks/3jcs3_vbp6pk4.js:0
[    7974ms] [WARNING] Failed parsing 'srcset' attribute value since it has an unknown descriptor. @ https://dev.shwapno.com/_next/static/chunks/3jcs3_vbp6pk4.js:0
[    7974ms] [WARNING] Dropped srcset candidate "https://d2aea4j8cd78rk.cloudfront.net/images/6682c9d8ae2c9abd70f18c33_fashion" @ https://dev.shwapno.com/_next/static/chunks/3jcs3_vbp6pk4.js:0
[    7974ms] [WARNING] Failed parsing 'srcset' attribute value since it has an unknown descriptor. @ https://dev.shwapno.com/_next/static/chunks/3jcs3_vbp6pk4.js:0
[    7974ms] [WARNING] Dropped srcset candidate "https://d2aea4j8cd78rk.cloudfront.net/images/6682c9d8ae2c9abd70f18c33_fashion" @ https://dev.shwapno.com/_next/static/chunks/3jcs3_vbp6pk4.js:0
[    7974ms] [WARNING] Failed parsing 'srcset' attribute value since it has an unknown descriptor. @ https://dev.shwapno.com/_next/static/chunks/3jcs3_vbp6pk4.js:0
[    7974ms] [WARNING] Dropped srcset candidate "https://d2aea4j8cd78rk.cloudfront.net/images/6682c9d8ae2c9abd70f18c33_fashion" @ https://dev.shwapno.com/_next/static/chunks/3jcs3_vbp6pk4.js:0
[    7974ms] [WARNING] Failed parsing 'srcset' attribute value since it has an unknown descriptor. @ https://dev.shwapno.com/_next/static/chunks/3jcs3_vbp6pk4.js:0
[    7974ms] [WARNING] Dropped srcset candidate "https://d2aea4j8cd78rk.cloudfront.net/images/6682c9d8ae2c9abd70f18c33_fashion" @ https://dev.shwapno.com/_next/static/chunks/3jcs3_vbp6pk4.js:0
[    7974ms] [WARNING] Failed parsing 'srcset' attribute value since it has an unknown descriptor. @ https://dev.shwapno.com/_next/static/chunks/3jcs3_vbp6pk4.js:0
[    7974ms] [WARNING] Dropped srcset candidate "https://d2aea4j8cd78rk.cloudfront.net/images/6682c9d8ae2c9abd70f18c33_fashion" @ https://dev.shwapno.com/_next/static/chunks/3jcs3_vbp6pk4.js:0
[    7974ms] [WARNING] Failed parsing 'srcset' attribute value since it has an unknown descriptor. @ https://dev.shwapno.com/_next/static/chunks/3jcs3_vbp6pk4.js:0
[    7974ms] [WARNING] Dropped srcset candidate "https://d2aea4j8cd78rk.cloudfront.net/images/6682c9d8ae2c9abd70f18c33_fashion" @ https://dev.shwapno.com/_next/static/chunks/3jcs3_vbp6pk4.js:0
[    7974ms] [WARNING] Failed parsing 'srcset' attribute value since it has an unknown descriptor. @ https://dev.shwapno.com/_next/static/chunks/3jcs3_vbp6pk4.js:0
[    7974ms] [WARNING] Dropped srcset candidate "https://d2aea4j8cd78rk.cloudfront.net/images/6682c9d8ae2c9abd70f18c33_fashion" @ https://dev.shwapno.com/_next/static/chunks/3jcs3_vbp6pk4.js:0
[    7975ms] [WARNING] Failed parsing 'srcset' attribute value since it has an unknown descriptor. @ https://dev.shwapno.com/_next/static/chunks/3jcs3_vbp6pk4.js:0
[    7975ms] [WARNING] Dropped srcset candidate "https://d2aea4j8cd78rk.cloudfront.net/images/6682c9d8ae2c9abd70f18c33_fashion" @ https://dev.shwapno.com/_next/static/chunks/3jcs3_vbp6pk4.js:0
[    7975ms] [WARNING] Failed parsing 'srcset' attribute value since it has an unknown descriptor. @ https://dev.shwapno.com/_next/static/chunks/3jcs3_vbp6pk4.js:0
[    7975ms] [WARNING] Dropped srcset candidate "https://d2aea4j8cd78rk.cloudfront.net/images/6682c9d8ae2c9abd70f18c33_fashion" @ https://dev.shwapno.com/_next/static/chunks/3jcs3_vbp6pk4.js:0
[    8000ms] [WARNING] Failed parsing 'srcset' attribute value since it has an unknown descriptor. @ https://dev.shwapno.com/_next/static/chunks/3jcs3_vbp6pk4.js:0
[    8000ms] [WARNING] Dropped srcset candidate "https://d2aea4j8cd78rk.cloudfront.net/images/689ef8c91f62b2a03a2198db_Untitled" @ https://dev.shwapno.com/_next/static/chunks/3jcs3_vbp6pk4.js:0
[    8000ms] [WARNING] Failed parsing 'srcset' attribute value since it has an unknown descriptor. @ https://dev.shwapno.com/_next/static/chunks/3jcs3_vbp6pk4.js:0
[    8000ms] [WARNING] Dropped srcset candidate "https://d2aea4j8cd78rk.cloudfront.net/images/689ef8c91f62b2a03a2198db_Untitled" @ https://dev.shwapno.com/_next/static/chunks/3jcs3_vbp6pk4.js:0
[    8001ms] [WARNING] Failed parsing 'srcset' attribute value since it has an unknown descriptor. @ https://dev.shwapno.com/_next/static/chunks/3jcs3_vbp6pk4.js:0
[    8001ms] [WARNING] Dropped srcset candidate "https://d2aea4j8cd78rk.cloudfront.net/images/689ef8c91f62b2a03a2198db_Untitled" @ https://dev.shwapno.com/_next/static/chunks/3jcs3_vbp6pk4.js:0
[    8001ms] [WARNING] Failed parsing 'srcset' attribute value since it has an unknown descriptor. @ https://dev.shwapno.com/_next/static/chunks/3jcs3_vbp6pk4.js:0
[    8001ms] [WARNING] Dropped srcset candidate "https://d2aea4j8cd78rk.cloudfront.net/images/689ef8c91f62b2a03a2198db_Untitled" @ https://dev.shwapno.com/_next/static/chunks/3jcs3_vbp6pk4.js:0
[    8001ms] [WARNING] Failed parsing 'srcset' attribute value since it has an unknown descriptor. @ https://dev.shwapno.com/_next/static/chunks/3jcs3_vbp6pk4.js:0
[    8001ms] [WARNING] Dropped srcset candidate "https://d2aea4j8cd78rk.cloudfront.net/images/689ef8c91f62b2a03a2198db_Untitled" @ https://dev.shwapno.com/_next/static/chunks/3jcs3_vbp6pk4.js:0
[    8001ms] [WARNING] Failed parsing 'srcset' attribute value since it has an unknown descriptor. @ https://dev.shwapno.com/_next/static/chunks/3jcs3_vbp6pk4.js:0
[    8001ms] [WARNING] Dropped srcset candidate "https://d2aea4j8cd78rk.cloudfront.net/images/689ef8c91f62b2a03a2198db_Untitled" @ https://dev.shwapno.com/_next/static/chunks/3jcs3_vbp6pk4.js:0
[    8001ms] [WARNING] Failed parsing 'srcset' attribute value since it has an unknown descriptor. @ https://dev.shwapno.com/_next/static/chunks/3jcs3_vbp6pk4.js:0
[    8001ms] [WARNING] Dropped srcset candidate "https://d2aea4j8cd78rk.cloudfront.net/images/689ef8c91f62b2a03a2198db_Untitled" @ https://dev.shwapno.com/_next/static/chunks/3jcs3_vbp6pk4.js:0
[    8001ms] [WARNING] Failed parsing 'srcset' attribute value since it has an unknown descriptor. @ https://dev.shwapno.com/_next/static/chunks/3jcs3_vbp6pk4.js:0
[    8001ms] [WARNING] Dropped srcset candidate "https://d2aea4j8cd78rk.cloudfront.net/images/689ef8c91f62b2a03a2198db_Untitled" @ https://dev.shwapno.com/_next/static/chunks/3jcs3_vbp6pk4.js:0
[    8001ms] [WARNING] Failed parsing 'srcset' attribute value since it has an unknown descriptor. @ https://dev.shwapno.com/_next/static/chunks/3jcs3_vbp6pk4.js:0
[    8001ms] [WARNING] Dropped srcset candidate "https://d2aea4j8cd78rk.cloudfront.net/images/689ef8c91f62b2a03a2198db_Untitled" @ https://dev.shwapno.com/_next/static/chunks/3jcs3_vbp6pk4.js:0
[    8001ms] [WARNING] Failed parsing 'srcset' attribute value since it has an unknown descriptor. @ https://dev.shwapno.com/_next/static/chunks/3jcs3_vbp6pk4.js:0
[    8001ms] [WARNING] Dropped srcset candidate "https://d2aea4j8cd78rk.cloudfront.net/images/689ef8c91f62b2a03a2198db_Untitled" @ https://dev.shwapno.com/_next/static/chunks/3jcs3_vbp6pk4.js:0
[    8001ms] [WARNING] Failed parsing 'srcset' attribute value since it has an unknown descriptor. @ https://dev.shwapno.com/_next/static/chunks/3jcs3_vbp6pk4.js:0
[    8001ms] [WARNING] Dropped srcset candidate "https://d2aea4j8cd78rk.cloudfront.net/images/689ef8c91f62b2a03a2198db_Untitled" @ https://dev.shwapno.com/_next/static/chunks/3jcs3_vbp6pk4.js:0
[    8001ms] [WARNING] Failed parsing 'srcset' attribute value since it has an unknown descriptor. @ https://dev.shwapno.com/_next/static/chunks/3jcs3_vbp6pk4.js:0
[    8001ms] [WARNING] Dropped srcset candidate "https://d2aea4j8cd78rk.cloudfront.net/images/689ef8c91f62b2a03a2198db_Untitled" @ https://dev.shwapno.com/_next/static/chunks/3jcs3_vbp6pk4.js:0
[    8031ms] [WARNING] Failed parsing 'srcset' attribute value since it has an unknown descriptor. @ https://dev.shwapno.com/_next/static/chunks/3jcs3_vbp6pk4.js:0
[    8031ms] [WARNING] Dropped srcset candidate "https://d2aea4j8cd78rk.cloudfront.net/images/688c995b033ab6e8863469b7_Untitled" @ https://dev.shwapno.com/_next/static/chunks/3jcs3_vbp6pk4.js:0
[    8031ms] [WARNING] Failed parsing 'srcset' attribute value since it has an unknown descriptor. @ https://dev.shwapno.com/_next/static/chunks/3jcs3_vbp6pk4.js:0
[    8031ms] [WARNING] Dropped srcset candidate "https://d2aea4j8cd78rk.cloudfront.net/images/688c995b033ab6e8863469b7_Untitled" @ https://dev.shwapno.com/_next/static/chunks/3jcs3_vbp6pk4.js:0
[    8031ms] [WARNING] Failed parsing 'srcset' attribute value since it has an unknown descriptor. @ https://dev.shwapno.com/_next/static/chunks/3jcs3_vbp6pk4.js:0
[    8031ms] [WARNING] Dropped srcset candidate "https://d2aea4j8cd78rk.cloudfront.net/images/688c995b033ab6e8863469b7_Untitled" @ https://dev.shwapno.com/_next/static/chunks/3jcs3_vbp6pk4.js:0
[    8031ms] [WARNING] Failed parsing 'srcset' attribute value since it has an unknown descriptor. @ https://dev.shwapno.com/_next/static/chunks/3jcs3_vbp6pk4.js:0
[    8031ms] [WARNING] Dropped srcset candidate "https://d2aea4j8cd78rk.cloudfront.net/images/688c995b033ab6e8863469b7_Untitled" @ https://dev.shwapno.com/_next/static/chunks/3jcs3_vbp6pk4.js:0
[    8031ms] [WARNING] Failed parsing 'srcset' attribute value since it has an unknown descriptor. @ https://dev.shwapno.com/_next/static/chunks/3jcs3_vbp6pk4.js:0
[    8031ms] [WARNING] Dropped srcset candidate "https://d2aea4j8cd78rk.cloudfront.net/images/688c995b033ab6e8863469b7_Untitled" @ https://dev.shwapno.com/_next/static/chunks/3jcs3_vbp6pk4.js:0
[    8031ms] [WARNING] Failed parsing 'srcset' attribute value since it has an unknown descriptor. @ https://dev.shwapno.com/_next/static/chunks/3jcs3_vbp6pk4.js:0
[    8031ms] [WARNING] Dropped srcset candidate "https://d2aea4j8cd78rk.cloudfront.net/images/688c995b033ab6e8863469b7_Untitled" @ https://dev.shwapno.com/_next/static/chunks/3jcs3_vbp6pk4.js:0
[    8031ms] [WARNING] Failed parsing 'srcset' attribute value since it has an unknown descriptor. @ https://dev.shwapno.com/_next/static/chunks/3jcs3_vbp6pk4.js:0
[    8031ms] [WARNING] Dropped srcset candidate "https://d2aea4j8cd78rk.cloudfront.net/images/688c995b033ab6e8863469b7_Untitled" @ https://dev.shwapno.com/_next/static/chunks/3jcs3_vbp6pk4.js:0
[    8031ms] [WARNING] Failed parsing 'srcset' attribute value since it has an unknown descriptor. @ https://dev.shwapno.com/_next/static/chunks/3jcs3_vbp6pk4.js:0
[    8031ms] [WARNING] Dropped srcset candidate "https://d2aea4j8cd78rk.cloudfront.net/images/688c995b033ab6e8863469b7_Untitled" @ https://dev.shwapno.com/_next/static/chunks/3jcs3_vbp6pk4.js:0
[    8031ms] [WARNING] Failed parsing 'srcset' attribute value since it has an unknown descriptor. @ https://dev.shwapno.com/_next/static/chunks/3jcs3_vbp6pk4.js:0
[    8031ms] [WARNING] Dropped srcset candidate "https://d2aea4j8cd78rk.cloudfront.net/images/688c995b033ab6e8863469b7_Untitled" @ https://dev.shwapno.com/_next/static/chunks/3jcs3_vbp6pk4.js:0
[    8031ms] [WARNING] Failed parsing 'srcset' attribute value since it has an unknown descriptor. @ https://dev.shwapno.com/_next/static/chunks/3jcs3_vbp6pk4.js:0
[    8031ms] [WARNING] Dropped srcset candidate "https://d2aea4j8cd78rk.cloudfront.net/images/688c995b033ab6e8863469b7_Untitled" @ https://dev.shwapno.com/_next/static/chunks/3jcs3_vbp6pk4.js:0
[    8031ms] [WARNING] Failed parsing 'srcset' attribute value since it has an unknown descriptor. @ https://dev.shwapno.com/_next/static/chunks/3jcs3_vbp6pk4.js:0
[    8032ms] [WARNING] Dropped srcset candidate "https://d2aea4j8cd78rk.cloudfront.net/images/688c995b033ab6e8863469b7_Untitled" @ https://dev.shwapno.com/_next/static/chunks/3jcs3_vbp6pk4.js:0
[    8032ms] [WARNING] Failed parsing 'srcset' attribute value since it has an unknown descriptor. @ https://dev.shwapno.com/_next/static/chunks/3jcs3_vbp6pk4.js:0
[    8032ms] [WARNING] Dropped srcset candidate "https://d2aea4j8cd78rk.cloudfront.net/images/688c995b033ab6e8863469b7_Untitled" @ https://dev.shwapno.com/_next/static/chunks/3jcs3_vbp6pk4.js:0
[    8045ms] [WARNING] Failed parsing 'srcset' attribute value since it has an unknown descriptor. @ https://dev.shwapno.com/_next/static/chunks/3jcs3_vbp6pk4.js:0
[    8045ms] [WARNING] Dropped srcset candidate "https://d2aea4j8cd78rk.cloudfront.net/images/689ef5f31f62b2a03a1f8d70_Untitled" @ https://dev.shwapno.com/_next/static/chunks/3jcs3_vbp6pk4.js:0
[    8045ms] [WARNING] Failed parsing 'srcset' attribute value since it has an unknown descriptor. @ https://dev.shwapno.com/_next/static/chunks/3jcs3_vbp6pk4.js:0
[    8045ms] [WARNING] Dropped srcset candidate "https://d2aea4j8cd78rk.cloudfront.net/images/689ef5f31f62b2a03a1f8d70_Untitled" @ https://dev.shwapno.com/_next/static/chunks/3jcs3_vbp6pk4.js:0
[    8045ms] [WARNING] Failed parsing 'srcset' attribute value since it has an unknown descriptor. @ https://dev.shwapno.com/_next/static/chunks/3jcs3_vbp6pk4.js:0
[    8045ms] [WARNING] Dropped srcset candidate "https://d2aea4j8cd78rk.cloudfront.net/images/689ef5f31f62b2a03a1f8d70_Untitled" @ https://dev.shwapno.com/_next/static/chunks/3jcs3_vbp6pk4.js:0
[    8045ms] [WARNING] Failed parsing 'srcset' attribute value since it has an unknown descriptor. @ https://dev.shwapno.com/_next/static/chunks/3jcs3_vbp6pk4.js:0
[    8045ms] [WARNING] Dropped srcset candidate "https://d2aea4j8cd78rk.cloudfront.net/images/689ef5f31f62b2a03a1f8d70_Untitled" @ https://dev.shwapno.com/_next/static/chunks/3jcs3_vbp6pk4.js:0
[    8045ms] [WARNING] Failed parsing 'srcset' attribute value since it has an unknown descriptor. @ https://dev.shwapno.com/_next/static/chunks/3jcs3_vbp6pk4.js:0
[    8045ms] [WARNING] Dropped srcset candidate "https://d2aea4j8cd78rk.cloudfront.net/images/689ef5f31f62b2a03a1f8d70_Untitled" @ https://dev.shwapno.com/_next/static/chunks/3jcs3_vbp6pk4.js:0
[    8045ms] [WARNING] Failed parsing 'srcset' attribute value since it has an unknown descriptor. @ https://dev.shwapno.com/_next/static/chunks/3jcs3_vbp6pk4.js:0
[    8045ms] [WARNING] Dropped srcset candidate "https://d2aea4j8cd78rk.cloudfront.net/images/689ef5f31f62b2a03a1f8d70_Untitled" @ https://dev.shwapno.com/_next/static/chunks/3jcs3_vbp6pk4.js:0
[    8045ms] [WARNING] Failed parsing 'srcset' attribute value since it has an unknown descriptor. @ https://dev.shwapno.com/_next/static/chunks/3jcs3_vbp6pk4.js:0
[    8045ms] [WARNING] Dropped srcset candidate "https://d2aea4j8cd78rk.cloudfront.net/images/689ef5f31f62b2a03a1f8d70_Untitled" @ https://dev.shwapno.com/_next/static/chunks/3jcs3_vbp6pk4.js:0
[    8045ms] [WARNING] Failed parsing 'srcset' attribute value since it has an unknown descriptor. @ https://dev.shwapno.com/_next/static/chunks/3jcs3_vbp6pk4.js:0
[    8045ms] [WARNING] Dropped srcset candidate "https://d2aea4j8cd78rk.cloudfront.net/images/689ef5f31f62b2a03a1f8d70_Untitled" @ https://dev.shwapno.com/_next/static/chunks/3jcs3_vbp6pk4.js:0
[    8045ms] [WARNING] Failed parsing 'srcset' attribute value since it has an unknown descriptor. @ https://dev.shwapno.com/_next/static/chunks/3jcs3_vbp6pk4.js:0
[    8045ms] [WARNING] Dropped srcset candidate "https://d2aea4j8cd78rk.cloudfront.net/images/689ef5f31f62b2a03a1f8d70_Untitled" @ https://dev.shwapno.com/_next/static/chunks/3jcs3_vbp6pk4.js:0
[    8045ms] [WARNING] Failed parsing 'srcset' attribute value since it has an unknown descriptor. @ https://dev.shwapno.com/_next/static/chunks/3jcs3_vbp6pk4.js:0
[    8045ms] [WARNING] Dropped srcset candidate "https://d2aea4j8cd78rk.cloudfront.net/images/689ef5f31f62b2a03a1f8d70_Untitled" @ https://dev.shwapno.com/_next/static/chunks/3jcs3_vbp6pk4.js:0
[    8045ms] [WARNING] Failed parsing 'srcset' attribute value since it has an unknown descriptor. @ https://dev.shwapno.com/_next/static/chunks/3jcs3_vbp6pk4.js:0
[    8046ms] [WARNING] Dropped srcset candidate "https://d2aea4j8cd78rk.cloudfront.net/images/689ef5f31f62b2a03a1f8d70_Untitled" @ https://dev.shwapno.com/_next/static/chunks/3jcs3_vbp6pk4.js:0
[    8046ms] [WARNING] Failed parsing 'srcset' attribute value since it has an unknown descriptor. @ https://dev.shwapno.com/_next/static/chunks/3jcs3_vbp6pk4.js:0
[    8046ms] [WARNING] Dropped srcset candidate "https://d2aea4j8cd78rk.cloudfront.net/images/689ef5f31f62b2a03a1f8d70_Untitled" @ https://dev.shwapno.com/_next/static/chunks/3jcs3_vbp6pk4.js:0
[    8073ms] [WARNING] Failed parsing 'srcset' attribute value since it has an unknown descriptor. @ https://dev.shwapno.com/_next/static/chunks/3jcs3_vbp6pk4.js:0
[    8074ms] [WARNING] Dropped srcset candidate "https://d2aea4j8cd78rk.cloudfront.net/images/66d5ab69db02b76a72b00bc4_Featured-products-bg-Store" @ https://dev.shwapno.com/_next/static/chunks/3jcs3_vbp6pk4.js:0
[    8074ms] [WARNING] Failed parsing 'srcset' attribute value since it has an unknown descriptor. @ https://dev.shwapno.com/_next/static/chunks/3jcs3_vbp6pk4.js:0
[    8074ms] [WARNING] Dropped srcset candidate "https://d2aea4j8cd78rk.cloudfront.net/images/66d5ab69db02b76a72b00bc4_Featured-products-bg-Store" @ https://dev.shwapno.com/_next/static/chunks/3jcs3_vbp6pk4.js:0
[    8074ms] [WARNING] Failed parsing 'srcset' attribute value since it has an unknown descriptor. @ https://dev.shwapno.com/_next/static/chunks/3jcs3_vbp6pk4.js:0
[    8074ms] [WARNING] Dropped srcset candidate "https://d2aea4j8cd78rk.cloudfront.net/images/66d5ab69db02b76a72b00bc4_Featured-products-bg-Store" @ https://dev.shwapno.com/_next/static/chunks/3jcs3_vbp6pk4.js:0
[    8074ms] [WARNING] Failed parsing 'srcset' attribute value since it has an unknown descriptor. @ https://dev.shwapno.com/_next/static/chunks/3jcs3_vbp6pk4.js:0
[    8074ms] [WARNING] Dropped srcset candidate "https://d2aea4j8cd78rk.cloudfront.net/images/66d5ab69db02b76a72b00bc4_Featured-products-bg-Store" @ https://dev.shwapno.com/_next/static/chunks/3jcs3_vbp6pk4.js:0
[    8074ms] [WARNING] Failed parsing 'srcset' attribute value since it has an unknown descriptor. @ https://dev.shwapno.com/_next/static/chunks/3jcs3_vbp6pk4.js:0
[    8074ms] [WARNING] Dropped srcset candidate "https://d2aea4j8cd78rk.cloudfront.net/images/66d5ab69db02b76a72b00bc4_Featured-products-bg-Store" @ https://dev.shwapno.com/_next/static/chunks/3jcs3_vbp6pk4.js:0
[    8074ms] [WARNING] Failed parsing 'srcset' attribute value since it has an unknown descriptor. @ https://dev.shwapno.com/_next/static/chunks/3jcs3_vbp6pk4.js:0
[    8074ms] [WARNING] Dropped srcset candidate "https://d2aea4j8cd78rk.cloudfront.net/images/66d5ab69db02b76a72b00bc4_Featured-products-bg-Store" @ https://dev.shwapno.com/_next/static/chunks/3jcs3_vbp6pk4.js:0
[    8074ms] [WARNING] Failed parsing 'srcset' attribute value since it has an unknown descriptor. @ https://dev.shwapno.com/_next/static/chunks/3jcs3_vbp6pk4.js:0
[    8074ms] [WARNING] Dropped srcset candidate "https://d2aea4j8cd78rk.cloudfront.net/images/66d5ab69db02b76a72b00bc4_Featured-products-bg-Store" @ https://dev.shwapno.com/_next/static/chunks/3jcs3_vbp6pk4.js:0
[    8074ms] [WARNING] Failed parsing 'srcset' attribute value since it has an unknown descriptor. @ https://dev.shwapno.com/_next/static/chunks/3jcs3_vbp6pk4.js:0
[    8074ms] [WARNING] Dropped srcset candidate "https://d2aea4j8cd78rk.cloudfront.net/images/66d5ab69db02b76a72b00bc4_Featured-products-bg-Store" @ https://dev.shwapno.com/_next/static/chunks/3jcs3_vbp6pk4.js:0
[    8074ms] [WARNING] Failed parsing 'srcset' attribute value since it has an unknown descriptor. @ https://dev.shwapno.com/_next/static/chunks/3jcs3_vbp6pk4.js:0
[    8074ms] [WARNING] Dropped srcset candidate "https://d2aea4j8cd78rk.cloudfront.net/images/66d5ab69db02b76a72b00bc4_Featured-products-bg-Store" @ https://dev.shwapno.com/_next/static/chunks/3jcs3_vbp6pk4.js:0
[    8074ms] [WARNING] Failed parsing 'srcset' attribute value since it has an unknown descriptor. @ https://dev.shwapno.com/_next/static/chunks/3jcs3_vbp6pk4.js:0
[    8074ms] [WARNING] Dropped srcset candidate "https://d2aea4j8cd78rk.cloudfront.net/images/66d5ab69db02b76a72b00bc4_Featured-products-bg-Store" @ https://dev.shwapno.com/_next/static/chunks/3jcs3_vbp6pk4.js:0
[    8074ms] [WARNING] Failed parsing 'srcset' attribute value since it has an unknown descriptor. @ https://dev.shwapno.com/_next/static/chunks/3jcs3_vbp6pk4.js:0
[    8074ms] [WARNING] Dropped srcset candidate "https://d2aea4j8cd78rk.cloudfront.net/images/66d5ab69db02b76a72b00bc4_Featured-products-bg-Store" @ https://dev.shwapno.com/_next/static/chunks/3jcs3_vbp6pk4.js:0
[    8074ms] [WARNING] Failed parsing 'srcset' attribute value since it has an unknown descriptor. @ https://dev.shwapno.com/_next/static/chunks/3jcs3_vbp6pk4.js:0
[    8074ms] [WARNING] Dropped srcset candidate "https://d2aea4j8cd78rk.cloudfront.net/images/66d5ab69db02b76a72b00bc4_Featured-products-bg-Store" @ https://dev.shwapno.com/_next/static/chunks/3jcs3_vbp6pk4.js:0
[    8101ms] [WARNING] Failed parsing 'srcset' attribute value since it has an unknown descriptor. @ https://dev.shwapno.com/_next/static/chunks/3jcs3_vbp6pk4.js:0
[    8101ms] [WARNING] Dropped srcset candidate "https://d2aea4j8cd78rk.cloudfront.net/images/689ef1b91f62b2a03a195ea9_Untitled" @ https://dev.shwapno.com/_next/static/chunks/3jcs3_vbp6pk4.js:0
[    8102ms] [WARNING] Failed parsing 'srcset' attribute value since it has an unknown descriptor. @ https://dev.shwapno.com/_next/static/chunks/3jcs3_vbp6pk4.js:0
[    8102ms] [WARNING] Dropped srcset candidate "https://d2aea4j8cd78rk.cloudfront.net/images/689ef1b91f62b2a03a195ea9_Untitled" @ https://dev.shwapno.com/_next/static/chunks/3jcs3_vbp6pk4.js:0
[    8102ms] [WARNING] Failed parsing 'srcset' attribute value since it has an unknown descriptor. @ https://dev.shwapno.com/_next/static/chunks/3jcs3_vbp6pk4.js:0
[    8102ms] [WARNING] Dropped srcset candidate "https://d2aea4j8cd78rk.cloudfront.net/images/689ef1b91f62b2a03a195ea9_Untitled" @ https://dev.shwapno.com/_next/static/chunks/3jcs3_vbp6pk4.js:0
[    8102ms] [WARNING] Failed parsing 'srcset' attribute value since it has an unknown descriptor. @ https://dev.shwapno.com/_next/static/chunks/3jcs3_vbp6pk4.js:0
[    8102ms] [WARNING] Dropped srcset candidate "https://d2aea4j8cd78rk.cloudfront.net/images/689ef1b91f62b2a03a195ea9_Untitled" @ https://dev.shwapno.com/_next/static/chunks/3jcs3_vbp6pk4.js:0
[    8102ms] [WARNING] Failed parsing 'srcset' attribute value since it has an unknown descriptor. @ https://dev.shwapno.com/_next/static/chunks/3jcs3_vbp6pk4.js:0
[    8102ms] [WARNING] Dropped srcset candidate "https://d2aea4j8cd78rk.cloudfront.net/images/689ef1b91f62b2a03a195ea9_Untitled" @ https://dev.shwapno.com/_next/static/chunks/3jcs3_vbp6pk4.js:0
[    8102ms] [WARNING] Failed parsing 'srcset' attribute value since it has an unknown descriptor. @ https://dev.shwapno.com/_next/static/chunks/3jcs3_vbp6pk4.js:0
[    8102ms] [WARNING] Dropped srcset candidate "https://d2aea4j8cd78rk.cloudfront.net/images/689ef1b91f62b2a03a195ea9_Untitled" @ https://dev.shwapno.com/_next/static/chunks/3jcs3_vbp6pk4.js:0
[    8102ms] [WARNING] Failed parsing 'srcset' attribute value since it has an unknown descriptor. @ https://dev.shwapno.com/_next/static/chunks/3jcs3_vbp6pk4.js:0
[    8102ms] [WARNING] Dropped srcset candidate "https://d2aea4j8cd78rk.cloudfront.net/images/689ef1b91f62b2a03a195ea9_Untitled" @ https://dev.shwapno.com/_next/static/chunks/3jcs3_vbp6pk4.js:0
[    8102ms] [WARNING] Failed parsing 'srcset' attribute value since it has an unknown descriptor. @ https://dev.shwapno.com/_next/static/chunks/3jcs3_vbp6pk4.js:0
[    8102ms] [WARNING] Dropped srcset candidate "https://d2aea4j8cd78rk.cloudfront.net/images/689ef1b91f62b2a03a195ea9_Untitled" @ https://dev.shwapno.com/_next/static/chunks/3jcs3_vbp6pk4.js:0
[    8102ms] [WARNING] Failed parsing 'srcset' attribute value since it has an unknown descriptor. @ https://dev.shwapno.com/_next/static/chunks/3jcs3_vbp6pk4.js:0
[    8102ms] [WARNING] Dropped srcset candidate "https://d2aea4j8cd78rk.cloudfront.net/images/689ef1b91f62b2a03a195ea9_Untitled" @ https://dev.shwapno.com/_next/static/chunks/3jcs3_vbp6pk4.js:0
[    8102ms] [WARNING] Failed parsing 'srcset' attribute value since it has an unknown descriptor. @ https://dev.shwapno.com/_next/static/chunks/3jcs3_vbp6pk4.js:0
[    8102ms] [WARNING] Dropped srcset candidate "https://d2aea4j8cd78rk.cloudfront.net/images/689ef1b91f62b2a03a195ea9_Untitled" @ https://dev.shwapno.com/_next/static/chunks/3jcs3_vbp6pk4.js:0
[    8102ms] [WARNING] Failed parsing 'srcset' attribute value since it has an unknown descriptor. @ https://dev.shwapno.com/_next/static/chunks/3jcs3_vbp6pk4.js:0
[    8102ms] [WARNING] Dropped srcset candidate "https://d2aea4j8cd78rk.cloudfront.net/images/689ef1b91f62b2a03a195ea9_Untitled" @ https://dev.shwapno.com/_next/static/chunks/3jcs3_vbp6pk4.js:0
[    8102ms] [WARNING] Failed parsing 'srcset' attribute value since it has an unknown descriptor. @ https://dev.shwapno.com/_next/static/chunks/3jcs3_vbp6pk4.js:0
[    8102ms] [WARNING] Dropped srcset candidate "https://d2aea4j8cd78rk.cloudfront.net/images/689ef1b91f62b2a03a195ea9_Untitled" @ https://dev.shwapno.com/_next/static/chunks/3jcs3_vbp6pk4.js:0
[    8102ms] [WARNING] Failed parsing 'srcset' attribute value since it has an unknown descriptor. @ https://dev.shwapno.com/_next/static/chunks/3jcs3_vbp6pk4.js:0
[    8102ms] [WARNING] Dropped srcset candidate "https://d2aea4j8cd78rk.cloudfront.net/images/689ef1b91f62b2a03a195ea9_Untitled" @ https://dev.shwapno.com/_next/static/chunks/3jcs3_vbp6pk4.js:0
[    8102ms] [WARNING] Failed parsing 'srcset' attribute value since it has an unknown descriptor. @ https://dev.shwapno.com/_next/static/chunks/3jcs3_vbp6pk4.js:0
[    8102ms] [WARNING] Dropped srcset candidate "https://d2aea4j8cd78rk.cloudfront.net/images/689ef1b91f62b2a03a195ea9_Untitled" @ https://dev.shwapno.com/_next/static/chunks/3jcs3_vbp6pk4.js:0
[    8102ms] [WARNING] Failed parsing 'srcset' attribute value since it has an unknown descriptor. @ https://dev.shwapno.com/_next/static/chunks/3jcs3_vbp6pk4.js:0
[    8103ms] [WARNING] Dropped srcset candidate "https://d2aea4j8cd78rk.cloudfront.net/images/689ef1b91f62b2a03a195ea9_Untitled" @ https://dev.shwapno.com/_next/static/chunks/3jcs3_vbp6pk4.js:0
[    8103ms] [WARNING] Failed parsing 'srcset' attribute value since it has an unknown descriptor. @ https://dev.shwapno.com/_next/static/chunks/3jcs3_vbp6pk4.js:0
[    8103ms] [WARNING] Dropped srcset candidate "https://d2aea4j8cd78rk.cloudfront.net/images/689ef1b91f62b2a03a195ea9_Untitled" @ https://dev.shwapno.com/_next/static/chunks/3jcs3_vbp6pk4.js:0
[    8103ms] [WARNING] Failed parsing 'srcset' attribute value since it has an unknown descriptor. @ https://dev.shwapno.com/_next/static/chunks/3jcs3_vbp6pk4.js:0
[    8103ms] [WARNING] Dropped srcset candidate "https://d2aea4j8cd78rk.cloudfront.net/images/689ef1b91f62b2a03a195ea9_Untitled" @ https://dev.shwapno.com/_next/static/chunks/3jcs3_vbp6pk4.js:0
[    8103ms] [WARNING] Failed parsing 'srcset' attribute value since it has an unknown descriptor. @ https://dev.shwapno.com/_next/static/chunks/3jcs3_vbp6pk4.js:0
[    8103ms] [WARNING] Dropped srcset candidate "https://d2aea4j8cd78rk.cloudfront.net/images/689ef1b91f62b2a03a195ea9_Untitled" @ https://dev.shwapno.com/_next/static/chunks/3jcs3_vbp6pk4.js:0
[    8103ms] [WARNING] Failed parsing 'srcset' attribute value since it has an unknown descriptor. @ https://dev.shwapno.com/_next/static/chunks/3jcs3_vbp6pk4.js:0
[    8103ms] [WARNING] Dropped srcset candidate "https://d2aea4j8cd78rk.cloudfront.net/images/689ef1b91f62b2a03a195ea9_Untitled" @ https://dev.shwapno.com/_next/static/chunks/3jcs3_vbp6pk4.js:0
[    8103ms] [WARNING] Failed parsing 'srcset' attribute value since it has an unknown descriptor. @ https://dev.shwapno.com/_next/static/chunks/3jcs3_vbp6pk4.js:0
[    8103ms] [WARNING] Dropped srcset candidate "https://d2aea4j8cd78rk.cloudfront.net/images/689ef1b91f62b2a03a195ea9_Untitled" @ https://dev.shwapno.com/_next/static/chunks/3jcs3_vbp6pk4.js:0
[    8103ms] [WARNING] Failed parsing 'srcset' attribute value since it has an unknown descriptor. @ https://dev.shwapno.com/_next/static/chunks/3jcs3_vbp6pk4.js:0
[    8103ms] [WARNING] Dropped srcset candidate "https://d2aea4j8cd78rk.cloudfront.net/images/689ef1b91f62b2a03a195ea9_Untitled" @ https://dev.shwapno.com/_next/static/chunks/3jcs3_vbp6pk4.js:0
[    8103ms] [WARNING] Failed parsing 'srcset' attribute value since it has an unknown descriptor. @ https://dev.shwapno.com/_next/static/chunks/3jcs3_vbp6pk4.js:0
[    8103ms] [WARNING] Dropped srcset candidate "https://d2aea4j8cd78rk.cloudfront.net/images/689ef1b91f62b2a03a195ea9_Untitled" @ https://dev.shwapno.com/_next/static/chunks/3jcs3_vbp6pk4.js:0
[    8105ms] [WARNING] Failed parsing 'srcset' attribute value since it has an unknown descriptor. @ https://dev.shwapno.com/_next/static/chunks/3jcs3_vbp6pk4.js:0
[    8105ms] [WARNING] Dropped srcset candidate "https://d2aea4j8cd78rk.cloudfront.net/images/66ab7e518e5f214bd649776b_Unilever" @ https://dev.shwapno.com/_next/static/chunks/3jcs3_vbp6pk4.js:0
[    8105ms] [WARNING] Failed parsing 'srcset' attribute value since it has an unknown descriptor. @ https://dev.shwapno.com/_next/static/chunks/3jcs3_vbp6pk4.js:0
[    8105ms] [WARNING] Dropped srcset candidate "https://d2aea4j8cd78rk.cloudfront.net/images/66ab7e518e5f214bd649776b_Unilever" @ https://dev.shwapno.com/_next/static/chunks/3jcs3_vbp6pk4.js:0
[    8105ms] [WARNING] Failed parsing 'srcset' attribute value since it has an unknown descriptor. @ https://dev.shwapno.com/_next/static/chunks/3jcs3_vbp6pk4.js:0
[    8105ms] [WARNING] Dropped srcset candidate "https://d2aea4j8cd78rk.cloudfront.net/images/66ab7e518e5f214bd649776b_Unilever" @ https://dev.shwapno.com/_next/static/chunks/3jcs3_vbp6pk4.js:0
[    8105ms] [WARNING] Failed parsing 'srcset' attribute value since it has an unknown descriptor. @ https://dev.shwapno.com/_next/static/chunks/3jcs3_vbp6pk4.js:0
[    8105ms] [WARNING] Dropped srcset candidate "https://d2aea4j8cd78rk.cloudfront.net/images/66ab7e518e5f214bd649776b_Unilever" @ https://dev.shwapno.com/_next/static/chunks/3jcs3_vbp6pk4.js:0
[    8105ms] [WARNING] Failed parsing 'srcset' attribute value since it has an unknown descriptor. @ https://dev.shwapno.com/_next/static/chunks/3jcs3_vbp6pk4.js:0
[    8105ms] [WARNING] Dropped srcset candidate "https://d2aea4j8cd78rk.cloudfront.net/images/66ab7e518e5f214bd649776b_Unilever" @ https://dev.shwapno.com/_next/static/chunks/3jcs3_vbp6pk4.js:0
[    8106ms] [WARNING] Failed parsing 'srcset' attribute value since it has an unknown descriptor. @ https://dev.shwapno.com/_next/static/chunks/3jcs3_vbp6pk4.js:0
[    8106ms] [WARNING] Dropped srcset candidate "https://d2aea4j8cd78rk.cloudfront.net/images/66ab7e518e5f214bd649776b_Unilever" @ https://dev.shwapno.com/_next/static/chunks/3jcs3_vbp6pk4.js:0
[    8106ms] [WARNING] Failed parsing 'srcset' attribute value since it has an unknown descriptor. @ https://dev.shwapno.com/_next/static/chunks/3jcs3_vbp6pk4.js:0
[    8106ms] [WARNING] Dropped srcset candidate "https://d2aea4j8cd78rk.cloudfront.net/images/66ab7e518e5f214bd649776b_Unilever" @ https://dev.shwapno.com/_next/static/chunks/3jcs3_vbp6pk4.js:0
[    8106ms] [WARNING] Failed parsing 'srcset' attribute value since it has an unknown descriptor. @ https://dev.shwapno.com/_next/static/chunks/3jcs3_vbp6pk4.js:0
[    8106ms] [WARNING] Dropped srcset candidate "https://d2aea4j8cd78rk.cloudfront.net/images/66ab7e518e5f214bd649776b_Unilever" @ https://dev.shwapno.com/_next/static/chunks/3jcs3_vbp6pk4.js:0
[    8106ms] [WARNING] Failed parsing 'srcset' attribute value since it has an unknown descriptor. @ https://dev.shwapno.com/_next/static/chunks/3jcs3_vbp6pk4.js:0
[    8106ms] [WARNING] Dropped srcset candidate "https://d2aea4j8cd78rk.cloudfront.net/images/66ab7e518e5f214bd649776b_Unilever" @ https://dev.shwapno.com/_next/static/chunks/3jcs3_vbp6pk4.js:0
[    8106ms] [WARNING] Failed parsing 'srcset' attribute value since it has an unknown descriptor. @ https://dev.shwapno.com/_next/static/chunks/3jcs3_vbp6pk4.js:0
[    8106ms] [WARNING] Dropped srcset candidate "https://d2aea4j8cd78rk.cloudfront.net/images/66ab7e518e5f214bd649776b_Unilever" @ https://dev.shwapno.com/_next/static/chunks/3jcs3_vbp6pk4.js:0
[    8106ms] [WARNING] Failed parsing 'srcset' attribute value since it has an unknown descriptor. @ https://dev.shwapno.com/_next/static/chunks/3jcs3_vbp6pk4.js:0
[    8106ms] [WARNING] Dropped srcset candidate "https://d2aea4j8cd78rk.cloudfront.net/images/66ab7e518e5f214bd649776b_Unilever" @ https://dev.shwapno.com/_next/static/chunks/3jcs3_vbp6pk4.js:0
[    8106ms] [WARNING] Failed parsing 'srcset' attribute value since it has an unknown descriptor. @ https://dev.shwapno.com/_next/static/chunks/3jcs3_vbp6pk4.js:0
[    8106ms] [WARNING] Dropped srcset candidate "https://d2aea4j8cd78rk.cloudfront.net/images/66ab7e518e5f214bd649776b_Unilever" @ https://dev.shwapno.com/_next/static/chunks/3jcs3_vbp6pk4.js:0
[    8106ms] [WARNING] Failed parsing 'srcset' attribute value since it has an unknown descriptor. @ https://dev.shwapno.com/_next/static/chunks/3jcs3_vbp6pk4.js:0
[    8106ms] [WARNING] Dropped srcset candidate "https://d2aea4j8cd78rk.cloudfront.net/images/66ab7e518e5f214bd649776b_Unilever" @ https://dev.shwapno.com/_next/static/chunks/3jcs3_vbp6pk4.js:0
[    8106ms] [WARNING] Failed parsing 'srcset' attribute value since it has an unknown descriptor. @ https://dev.shwapno.com/_next/static/chunks/3jcs3_vbp6pk4.js:0
[    8106ms] [WARNING] Dropped srcset candidate "https://d2aea4j8cd78rk.cloudfront.net/images/66ab7e518e5f214bd649776b_Unilever" @ https://dev.shwapno.com/_next/static/chunks/3jcs3_vbp6pk4.js:0
[    8106ms] [WARNING] Failed parsing 'srcset' attribute value since it has an unknown descriptor. @ https://dev.shwapno.com/_next/static/chunks/3jcs3_vbp6pk4.js:0
[    8106ms] [WARNING] Dropped srcset candidate "https://d2aea4j8cd78rk.cloudfront.net/images/66ab7e518e5f214bd649776b_Unilever" @ https://dev.shwapno.com/_next/static/chunks/3jcs3_vbp6pk4.js:0
[    8106ms] [WARNING] Failed parsing 'srcset' attribute value since it has an unknown descriptor. @ https://dev.shwapno.com/_next/static/chunks/3jcs3_vbp6pk4.js:0
[    8106ms] [WARNING] Dropped srcset candidate "https://d2aea4j8cd78rk.cloudfront.net/images/66ab7e518e5f214bd649776b_Unilever" @ https://dev.shwapno.com/_next/static/chunks/3jcs3_vbp6pk4.js:0
[    8106ms] [WARNING] Failed parsing 'srcset' attribute value since it has an unknown descriptor. @ https://dev.shwapno.com/_next/static/chunks/3jcs3_vbp6pk4.js:0
[    8106ms] [WARNING] Dropped srcset candidate "https://d2aea4j8cd78rk.cloudfront.net/images/66ab7e518e5f214bd649776b_Unilever" @ https://dev.shwapno.com/_next/static/chunks/3jcs3_vbp6pk4.js:0
[    8106ms] [WARNING] Failed parsing 'srcset' attribute value since it has an unknown descriptor. @ https://dev.shwapno.com/_next/static/chunks/3jcs3_vbp6pk4.js:0
[    8106ms] [WARNING] Dropped srcset candidate "https://d2aea4j8cd78rk.cloudfront.net/images/66ab7e518e5f214bd649776b_Unilever" @ https://dev.shwapno.com/_next/static/chunks/3jcs3_vbp6pk4.js:0
[    8106ms] [WARNING] Failed parsing 'srcset' attribute value since it has an unknown descriptor. @ https://dev.shwapno.com/_next/static/chunks/3jcs3_vbp6pk4.js:0
[    8106ms] [WARNING] Dropped srcset candidate "https://d2aea4j8cd78rk.cloudfront.net/images/66ab7e518e5f214bd649776b_Unilever" @ https://dev.shwapno.com/_next/static/chunks/3jcs3_vbp6pk4.js:0
[    8106ms] [WARNING] Failed parsing 'srcset' attribute value since it has an unknown descriptor. @ https://dev.shwapno.com/_next/static/chunks/3jcs3_vbp6pk4.js:0
[    8106ms] [WARNING] Dropped srcset candidate "https://d2aea4j8cd78rk.cloudfront.net/images/66ab7e518e5f214bd649776b_Unilever" @ https://dev.shwapno.com/_next/static/chunks/3jcs3_vbp6pk4.js:0
[    8106ms] [WARNING] Failed parsing 'srcset' attribute value since it has an unknown descriptor. @ https://dev.shwapno.com/_next/static/chunks/3jcs3_vbp6pk4.js:0
[    8106ms] [WARNING] Dropped srcset candidate "https://d2aea4j8cd78rk.cloudfront.net/images/66ab7e518e5f214bd649776b_Unilever" @ https://dev.shwapno.com/_next/static/chunks/3jcs3_vbp6pk4.js:0
[    8106ms] [WARNING] Failed parsing 'srcset' attribute value since it has an unknown descriptor. @ https://dev.shwapno.com/_next/static/chunks/3jcs3_vbp6pk4.js:0
[    8106ms] [WARNING] Dropped srcset candidate "https://d2aea4j8cd78rk.cloudfront.net/images/66ab7e518e5f214bd649776b_Unilever" @ https://dev.shwapno.com/_next/static/chunks/3jcs3_vbp6pk4.js:0
[    8107ms] [WARNING] Failed parsing 'srcset' attribute value since it has an unknown descriptor. @ https://dev.shwapno.com/_next/static/chunks/3jcs3_vbp6pk4.js:0
[    8107ms] [WARNING] Dropped srcset candidate "https://d2aea4j8cd78rk.cloudfront.net/images/66ab7f5d8e5f214bd64984b3_Reckitt" @ https://dev.shwapno.com/_next/static/chunks/3jcs3_vbp6pk4.js:0
[    8107ms] [WARNING] Failed parsing 'srcset' attribute value since it has an unknown descriptor. @ https://dev.shwapno.com/_next/static/chunks/3jcs3_vbp6pk4.js:0
[    8107ms] [WARNING] Dropped srcset candidate "https://d2aea4j8cd78rk.cloudfront.net/images/66ab7f5d8e5f214bd64984b3_Reckitt" @ https://dev.shwapno.com/_next/static/chunks/3jcs3_vbp6pk4.js:0
[    8107ms] [WARNING] Failed parsing 'srcset' attribute value since it has an unknown descriptor. @ https://dev.shwapno.com/_next/static/chunks/3jcs3_vbp6pk4.js:0
[    8107ms] [WARNING] Dropped srcset candidate "https://d2aea4j8cd78rk.cloudfront.net/images/66ab7f5d8e5f214bd64984b3_Reckitt" @ https://dev.shwapno.com/_next/static/chunks/3jcs3_vbp6pk4.js:0
[    8107ms] [WARNING] Failed parsing 'srcset' attribute value since it has an unknown descriptor. @ https://dev.shwapno.com/_next/static/chunks/3jcs3_vbp6pk4.js:0
[    8107ms] [WARNING] Dropped srcset candidate "https://d2aea4j8cd78rk.cloudfront.net/images/66ab7f5d8e5f214bd64984b3_Reckitt" @ https://dev.shwapno.com/_next/static/chunks/3jcs3_vbp6pk4.js:0
[    8107ms] [WARNING] Failed parsing 'srcset' attribute value since it has an unknown descriptor. @ https://dev.shwapno.com/_next/static/chunks/3jcs3_vbp6pk4.js:0
[    8107ms] [WARNING] Dropped srcset candidate "https://d2aea4j8cd78rk.cloudfront.net/images/66ab7f5d8e5f214bd64984b3_Reckitt" @ https://dev.shwapno.com/_next/static/chunks/3jcs3_vbp6pk4.js:0
[    8107ms] [WARNING] Failed parsing 'srcset' attribute value since it has an unknown descriptor. @ https://dev.shwapno.com/_next/static/chunks/3jcs3_vbp6pk4.js:0
[    8107ms] [WARNING] Dropped srcset candidate "https://d2aea4j8cd78rk.cloudfront.net/images/66ab7f5d8e5f214bd64984b3_Reckitt" @ https://dev.shwapno.com/_next/static/chunks/3jcs3_vbp6pk4.js:0
[    8107ms] [WARNING] Failed parsing 'srcset' attribute value since it has an unknown descriptor. @ https://dev.shwapno.com/_next/static/chunks/3jcs3_vbp6pk4.js:0
[    8107ms] [WARNING] Dropped srcset candidate "https://d2aea4j8cd78rk.cloudfront.net/images/66ab7f5d8e5f214bd64984b3_Reckitt" @ https://dev.shwapno.com/_next/static/chunks/3jcs3_vbp6pk4.js:0
[    8107ms] [WARNING] Failed parsing 'srcset' attribute value since it has an unknown descriptor. @ https://dev.shwapno.com/_next/static/chunks/3jcs3_vbp6pk4.js:0
[    8107ms] [WARNING] Dropped srcset candidate "https://d2aea4j8cd78rk.cloudfront.net/images/66ab7f5d8e5f214bd64984b3_Reckitt" @ https://dev.shwapno.com/_next/static/chunks/3jcs3_vbp6pk4.js:0
[    8107ms] [WARNING] Failed parsing 'srcset' attribute value since it has an unknown descriptor. @ https://dev.shwapno.com/_next/static/chunks/3jcs3_vbp6pk4.js:0
[    8107ms] [WARNING] Dropped srcset candidate "https://d2aea4j8cd78rk.cloudfront.net/images/66ab7f5d8e5f214bd64984b3_Reckitt" @ https://dev.shwapno.com/_next/static/chunks/3jcs3_vbp6pk4.js:0
[    8107ms] [WARNING] Failed parsing 'srcset' attribute value since it has an unknown descriptor. @ https://dev.shwapno.com/_next/static/chunks/3jcs3_vbp6pk4.js:0
[    8108ms] [WARNING] Dropped srcset candidate "https://d2aea4j8cd78rk.cloudfront.net/images/66ab7f5d8e5f214bd64984b3_Reckitt" @ https://dev.shwapno.com/_next/static/chunks/3jcs3_vbp6pk4.js:0
[    8108ms] [WARNING] Failed parsing 'srcset' attribute value since it has an unknown descriptor. @ https://dev.shwapno.com/_next/static/chunks/3jcs3_vbp6pk4.js:0
[    8108ms] [WARNING] Dropped srcset candidate "https://d2aea4j8cd78rk.cloudfront.net/images/66ab7f5d8e5f214bd64984b3_Reckitt" @ https://dev.shwapno.com/_next/static/chunks/3jcs3_vbp6pk4.js:0
[    8108ms] [WARNING] Failed parsing 'srcset' attribute value since it has an unknown descriptor. @ https://dev.shwapno.com/_next/static/chunks/3jcs3_vbp6pk4.js:0
[    8108ms] [WARNING] Dropped srcset candidate "https://d2aea4j8cd78rk.cloudfront.net/images/66ab7f5d8e5f214bd64984b3_Reckitt" @ https://dev.shwapno.com/_next/static/chunks/3jcs3_vbp6pk4.js:0
[    8108ms] [WARNING] Failed parsing 'srcset' attribute value since it has an unknown descriptor. @ https://dev.shwapno.com/_next/static/chunks/3jcs3_vbp6pk4.js:0
[    8108ms] [WARNING] Dropped srcset candidate "https://d2aea4j8cd78rk.cloudfront.net/images/66ab7f5d8e5f214bd64984b3_Reckitt" @ https://dev.shwapno.com/_next/static/chunks/3jcs3_vbp6pk4.js:0
[    8108ms] [WARNING] Failed parsing 'srcset' attribute value since it has an unknown descriptor. @ https://dev.shwapno.com/_next/static/chunks/3jcs3_vbp6pk4.js:0
[    8108ms] [WARNING] Dropped srcset candidate "https://d2aea4j8cd78rk.cloudfront.net/images/66ab7f5d8e5f214bd64984b3_Reckitt" @ https://dev.shwapno.com/_next/static/chunks/3jcs3_vbp6pk4.js:0
[    8108ms] [WARNING] Failed parsing 'srcset' attribute value since it has an unknown descriptor. @ https://dev.shwapno.com/_next/static/chunks/3jcs3_vbp6pk4.js:0
[    8108ms] [WARNING] Dropped srcset candidate "https://d2aea4j8cd78rk.cloudfront.net/images/66ab7f5d8e5f214bd64984b3_Reckitt" @ https://dev.shwapno.com/_next/static/chunks/3jcs3_vbp6pk4.js:0
[    8108ms] [WARNING] Failed parsing 'srcset' attribute value since it has an unknown descriptor. @ https://dev.shwapno.com/_next/static/chunks/3jcs3_vbp6pk4.js:0
[    8108ms] [WARNING] Dropped srcset candidate "https://d2aea4j8cd78rk.cloudfront.net/images/66ab7f5d8e5f214bd64984b3_Reckitt" @ https://dev.shwapno.com/_next/static/chunks/3jcs3_vbp6pk4.js:0
[    8108ms] [WARNING] Failed parsing 'srcset' attribute value since it has an unknown descriptor. @ https://dev.shwapno.com/_next/static/chunks/3jcs3_vbp6pk4.js:0
[    8108ms] [WARNING] Dropped srcset candidate "https://d2aea4j8cd78rk.cloudfront.net/images/66ab7f5d8e5f214bd64984b3_Reckitt" @ https://dev.shwapno.com/_next/static/chunks/3jcs3_vbp6pk4.js:0
[    8108ms] [WARNING] Failed parsing 'srcset' attribute value since it has an unknown descriptor. @ https://dev.shwapno.com/_next/static/chunks/3jcs3_vbp6pk4.js:0
[    8108ms] [WARNING] Dropped srcset candidate "https://d2aea4j8cd78rk.cloudfront.net/images/66ab7f5d8e5f214bd64984b3_Reckitt" @ https://dev.shwapno.com/_next/static/chunks/3jcs3_vbp6pk4.js:0
[    8108ms] [WARNING] Failed parsing 'srcset' attribute value since it has an unknown descriptor. @ https://dev.shwapno.com/_next/static/chunks/3jcs3_vbp6pk4.js:0
[    8108ms] [WARNING] Dropped srcset candidate "https://d2aea4j8cd78rk.cloudfront.net/images/66ab7f5d8e5f214bd64984b3_Reckitt" @ https://dev.shwapno.com/_next/static/chunks/3jcs3_vbp6pk4.js:0
[    8108ms] [WARNING] Failed parsing 'srcset' attribute value since it has an unknown descriptor. @ https://dev.shwapno.com/_next/static/chunks/3jcs3_vbp6pk4.js:0
[    8108ms] [WARNING] Dropped srcset candidate "https://d2aea4j8cd78rk.cloudfront.net/images/66ab7f5d8e5f214bd64984b3_Reckitt" @ https://dev.shwapno.com/_next/static/chunks/3jcs3_vbp6pk4.js:0
[    8108ms] [WARNING] Failed parsing 'srcset' attribute value since it has an unknown descriptor. @ https://dev.shwapno.com/_next/static/chunks/3jcs3_vbp6pk4.js:0
[    8108ms] [WARNING] Dropped srcset candidate "https://d2aea4j8cd78rk.cloudfront.net/images/66ab7f5d8e5f214bd64984b3_Reckitt" @ https://dev.shwapno.com/_next/static/chunks/3jcs3_vbp6pk4.js:0
[    8108ms] [WARNING] Failed parsing 'srcset' attribute value since it has an unknown descriptor. @ https://dev.shwapno.com/_next/static/chunks/3jcs3_vbp6pk4.js:0
[    8108ms] [WARNING] Dropped srcset candidate "https://d2aea4j8cd78rk.cloudfront.net/images/66ab7f5d8e5f214bd64984b3_Reckitt" @ https://dev.shwapno.com/_next/static/chunks/3jcs3_vbp6pk4.js:0
[    8108ms] [WARNING] Failed parsing 'srcset' attribute value since it has an unknown descriptor. @ https://dev.shwapno.com/_next/static/chunks/3jcs3_vbp6pk4.js:0
[    8108ms] [WARNING] Dropped srcset candidate "https://d2aea4j8cd78rk.cloudfront.net/images/66ab818cb51a3948e3fd8f6a_Marico" @ https://dev.shwapno.com/_next/static/chunks/3jcs3_vbp6pk4.js:0
[    8109ms] [WARNING] Failed parsing 'srcset' attribute value since it has an unknown descriptor. @ https://dev.shwapno.com/_next/static/chunks/3jcs3_vbp6pk4.js:0
[    8109ms] [WARNING] Dropped srcset candidate "https://d2aea4j8cd78rk.cloudfront.net/images/66ab818cb51a3948e3fd8f6a_Marico" @ https://dev.shwapno.com/_next/static/chunks/3jcs3_vbp6pk4.js:0
[    8109ms] [WARNING] Failed parsing 'srcset' attribute value since it has an unknown descriptor. @ https://dev.shwapno.com/_next/static/chunks/3jcs3_vbp6pk4.js:0
[    8109ms] [WARNING] Dropped srcset candidate "https://d2aea4j8cd78rk.cloudfront.net/images/66ab818cb51a3948e3fd8f6a_Marico" @ https://dev.shwapno.com/_next/static/chunks/3jcs3_vbp6pk4.js:0
[    8109ms] [WARNING] Failed parsing 'srcset' attribute value since it has an unknown descriptor. @ https://dev.shwapno.com/_next/static/chunks/3jcs3_vbp6pk4.js:0
[    8109ms] [WARNING] Dropped srcset candidate "https://d2aea4j8cd78rk.cloudfront.net/images/66ab818cb51a3948e3fd8f6a_Marico" @ https://dev.shwapno.com/_next/static/chunks/3jcs3_vbp6pk4.js:0
[    8109ms] [WARNING] Failed parsing 'srcset' attribute value since it has an unknown descriptor. @ https://dev.shwapno.com/_next/static/chunks/3jcs3_vbp6pk4.js:0
[    8109ms] [WARNING] Dropped srcset candidate "https://d2aea4j8cd78rk.cloudfront.net/images/66ab818cb51a3948e3fd8f6a_Marico" @ https://dev.shwapno.com/_next/static/chunks/3jcs3_vbp6pk4.js:0
[    8109ms] [WARNING] Failed parsing 'srcset' attribute value since it has an unknown descriptor. @ https://dev.shwapno.com/_next/static/chunks/3jcs3_vbp6pk4.js:0
[    8109ms] [WARNING] Dropped srcset candidate "https://d2aea4j8cd78rk.cloudfront.net/images/66ab818cb51a3948e3fd8f6a_Marico" @ https://dev.shwapno.com/_next/static/chunks/3jcs3_vbp6pk4.js:0
[    8109ms] [WARNING] Failed parsing 'srcset' attribute value since it has an unknown descriptor. @ https://dev.shwapno.com/_next/static/chunks/3jcs3_vbp6pk4.js:0
[    8109ms] [WARNING] Dropped srcset candidate "https://d2aea4j8cd78rk.cloudfront.net/images/66ab818cb51a3948e3fd8f6a_Marico" @ https://dev.shwapno.com/_next/static/chunks/3jcs3_vbp6pk4.js:0
[    8109ms] [WARNING] Failed parsing 'srcset' attribute value since it has an unknown descriptor. @ https://dev.shwapno.com/_next/static/chunks/3jcs3_vbp6pk4.js:0
[    8109ms] [WARNING] Dropped srcset candidate "https://d2aea4j8cd78rk.cloudfront.net/images/66ab818cb51a3948e3fd8f6a_Marico" @ https://dev.shwapno.com/_next/static/chunks/3jcs3_vbp6pk4.js:0
[    8109ms] [WARNING] Failed parsing 'srcset' attribute value since it has an unknown descriptor. @ https://dev.shwapno.com/_next/static/chunks/3jcs3_vbp6pk4.js:0
[    8109ms] [WARNING] Dropped srcset candidate "https://d2aea4j8cd78rk.cloudfront.net/images/66ab818cb51a3948e3fd8f6a_Marico" @ https://dev.shwapno.com/_next/static/chunks/3jcs3_vbp6pk4.js:0
[    8109ms] [WARNING] Failed parsing 'srcset' attribute value since it has an unknown descriptor. @ https://dev.shwapno.com/_next/static/chunks/3jcs3_vbp6pk4.js:0
[    8109ms] [WARNING] Dropped srcset candidate "https://d2aea4j8cd78rk.cloudfront.net/images/66ab818cb51a3948e3fd8f6a_Marico" @ https://dev.shwapno.com/_next/static/chunks/3jcs3_vbp6pk4.js:0
[    8109ms] [WARNING] Failed parsing 'srcset' attribute value since it has an unknown descriptor. @ https://dev.shwapno.com/_next/static/chunks/3jcs3_vbp6pk4.js:0
[    8109ms] [WARNING] Dropped srcset candidate "https://d2aea4j8cd78rk.cloudfront.net/images/66ab818cb51a3948e3fd8f6a_Marico" @ https://dev.shwapno.com/_next/static/chunks/3jcs3_vbp6pk4.js:0
[    8109ms] [WARNING] Failed parsing 'srcset' attribute value since it has an unknown descriptor. @ https://dev.shwapno.com/_next/static/chunks/3jcs3_vbp6pk4.js:0
[    8109ms] [WARNING] Dropped srcset candidate "https://d2aea4j8cd78rk.cloudfront.net/images/66ab818cb51a3948e3fd8f6a_Marico" @ https://dev.shwapno.com/_next/static/chunks/3jcs3_vbp6pk4.js:0
[    8109ms] [WARNING] Failed parsing 'srcset' attribute value since it has an unknown descriptor. @ https://dev.shwapno.com/_next/static/chunks/3jcs3_vbp6pk4.js:0
[    8109ms] [WARNING] Dropped srcset candidate "https://d2aea4j8cd78rk.cloudfront.net/images/66ab818cb51a3948e3fd8f6a_Marico" @ https://dev.shwapno.com/_next/static/chunks/3jcs3_vbp6pk4.js:0
[    8109ms] [WARNING] Failed parsing 'srcset' attribute value since it has an unknown descriptor. @ https://dev.shwapno.com/_next/static/chunks/3jcs3_vbp6pk4.js:0
[    8109ms] [WARNING] Dropped srcset candidate "https://d2aea4j8cd78rk.cloudfront.net/images/66ab818cb51a3948e3fd8f6a_Marico" @ https://dev.shwapno.com/_next/static/chunks/3jcs3_vbp6pk4.js:0
[    8109ms] [WARNING] Failed parsing 'srcset' attribute value since it has an unknown descriptor. @ https://dev.shwapno.com/_next/static/chunks/3jcs3_vbp6pk4.js:0
[    8109ms] [WARNING] Dropped srcset candidate "https://d2aea4j8cd78rk.cloudfront.net/images/66ab818cb51a3948e3fd8f6a_Marico" @ https://dev.shwapno.com/_next/static/chunks/3jcs3_vbp6pk4.js:0
[    8109ms] [WARNING] Failed parsing 'srcset' attribute value since it has an unknown descriptor. @ https://dev.shwapno.com/_next/static/chunks/3jcs3_vbp6pk4.js:0
[    8109ms] [WARNING] Dropped srcset candidate "https://d2aea4j8cd78rk.cloudfront.net/images/66ab818cb51a3948e3fd8f6a_Marico" @ https://dev.shwapno.com/_next/static/chunks/3jcs3_vbp6pk4.js:0
[    8109ms] [WARNING] Failed parsing 'srcset' attribute value since it has an unknown descriptor. @ https://dev.shwapno.com/_next/static/chunks/3jcs3_vbp6pk4.js:0
[    8109ms] [WARNING] Dropped srcset candidate "https://d2aea4j8cd78rk.cloudfront.net/images/66ab818cb51a3948e3fd8f6a_Marico" @ https://dev.shwapno.com/_next/static/chunks/3jcs3_vbp6pk4.js:0
[    8109ms] [WARNING] Failed parsing 'srcset' attribute value since it has an unknown descriptor. @ https://dev.shwapno.com/_next/static/chunks/3jcs3_vbp6pk4.js:0
[    8109ms] [WARNING] Dropped srcset candidate "https://d2aea4j8cd78rk.cloudfront.net/images/66ab818cb51a3948e3fd8f6a_Marico" @ https://dev.shwapno.com/_next/static/chunks/3jcs3_vbp6pk4.js:0
[    8109ms] [WARNING] Failed parsing 'srcset' attribute value since it has an unknown descriptor. @ https://dev.shwapno.com/_next/static/chunks/3jcs3_vbp6pk4.js:0
[    8109ms] [WARNING] Dropped srcset candidate "https://d2aea4j8cd78rk.cloudfront.net/images/66ab818cb51a3948e3fd8f6a_Marico" @ https://dev.shwapno.com/_next/static/chunks/3jcs3_vbp6pk4.js:0
[    8109ms] [WARNING] Failed parsing 'srcset' attribute value since it has an unknown descriptor. @ https://dev.shwapno.com/_next/static/chunks/3jcs3_vbp6pk4.js:0
[    8109ms] [WARNING] Dropped srcset candidate "https://d2aea4j8cd78rk.cloudfront.net/images/66ab818cb51a3948e3fd8f6a_Marico" @ https://dev.shwapno.com/_next/static/chunks/3jcs3_vbp6pk4.js:0
[    8109ms] [WARNING] Failed parsing 'srcset' attribute value since it has an unknown descriptor. @ https://dev.shwapno.com/_next/static/chunks/3jcs3_vbp6pk4.js:0
[    8109ms] [WARNING] Dropped srcset candidate "https://d2aea4j8cd78rk.cloudfront.net/images/66ab818cb51a3948e3fd8f6a_Marico" @ https://dev.shwapno.com/_next/static/chunks/3jcs3_vbp6pk4.js:0
[    8110ms] [WARNING] Failed parsing 'srcset' attribute value since it has an unknown descriptor. @ https://dev.shwapno.com/_next/static/chunks/3jcs3_vbp6pk4.js:0
[    8110ms] [WARNING] Dropped srcset candidate "https://d2aea4j8cd78rk.cloudfront.net/images/66ab818cb51a3948e3fd8f6a_Marico" @ https://dev.shwapno.com/_next/static/chunks/3jcs3_vbp6pk4.js:0
[    8125ms] [WARNING] Failed parsing 'srcset' attribute value since it has an unknown descriptor. @ https://dev.shwapno.com/_next/static/chunks/3jcs3_vbp6pk4.js:0
[    8125ms] [WARNING] Dropped srcset candidate "https://d2aea4j8cd78rk.cloudfront.net/images/689ee98e1f62b2a03a144b13_Untitled" @ https://dev.shwapno.com/_next/static/chunks/3jcs3_vbp6pk4.js:0
[    8125ms] [WARNING] Failed parsing 'srcset' attribute value since it has an unknown descriptor. @ https://dev.shwapno.com/_next/static/chunks/3jcs3_vbp6pk4.js:0
[    8125ms] [WARNING] Dropped srcset candidate "https://d2aea4j8cd78rk.cloudfront.net/images/689ee98e1f62b2a03a144b13_Untitled" @ https://dev.shwapno.com/_next/static/chunks/3jcs3_vbp6pk4.js:0
[    8125ms] [WARNING] Failed parsing 'srcset' attribute value since it has an unknown descriptor. @ https://dev.shwapno.com/_next/static/chunks/3jcs3_vbp6pk4.js:0
[    8125ms] [WARNING] Dropped srcset candidate "https://d2aea4j8cd78rk.cloudfront.net/images/689ee98e1f62b2a03a144b13_Untitled" @ https://dev.shwapno.com/_next/static/chunks/3jcs3_vbp6pk4.js:0
[    8125ms] [WARNING] Failed parsing 'srcset' attribute value since it has an unknown descriptor. @ https://dev.shwapno.com/_next/static/chunks/3jcs3_vbp6pk4.js:0
[    8125ms] [WARNING] Dropped srcset candidate "https://d2aea4j8cd78rk.cloudfront.net/images/689ee98e1f62b2a03a144b13_Untitled" @ https://dev.shwapno.com/_next/static/chunks/3jcs3_vbp6pk4.js:0
[    8125ms] [WARNING] Failed parsing 'srcset' attribute value since it has an unknown descriptor. @ https://dev.shwapno.com/_next/static/chunks/3jcs3_vbp6pk4.js:0
[    8125ms] [WARNING] Dropped srcset candidate "https://d2aea4j8cd78rk.cloudfront.net/images/689ee98e1f62b2a03a144b13_Untitled" @ https://dev.shwapno.com/_next/static/chunks/3jcs3_vbp6pk4.js:0
[    8125ms] [WARNING] Failed parsing 'srcset' attribute value since it has an unknown descriptor. @ https://dev.shwapno.com/_next/static/chunks/3jcs3_vbp6pk4.js:0
[    8125ms] [WARNING] Dropped srcset candidate "https://d2aea4j8cd78rk.cloudfront.net/images/689ee98e1f62b2a03a144b13_Untitled" @ https://dev.shwapno.com/_next/static/chunks/3jcs3_vbp6pk4.js:0
[    8125ms] [WARNING] Failed parsing 'srcset' attribute value since it has an unknown descriptor. @ https://dev.shwapno.com/_next/static/chunks/3jcs3_vbp6pk4.js:0
[    8125ms] [WARNING] Dropped srcset candidate "https://d2aea4j8cd78rk.cloudfront.net/images/689ee98e1f62b2a03a144b13_Untitled" @ https://dev.shwapno.com/_next/static/chunks/3jcs3_vbp6pk4.js:0
[    8125ms] [WARNING] Failed parsing 'srcset' attribute value since it has an unknown descriptor. @ https://dev.shwapno.com/_next/static/chunks/3jcs3_vbp6pk4.js:0
[    8125ms] [WARNING] Dropped srcset candidate "https://d2aea4j8cd78rk.cloudfront.net/images/689ee98e1f62b2a03a144b13_Untitled" @ https://dev.shwapno.com/_next/static/chunks/3jcs3_vbp6pk4.js:0
[    8125ms] [WARNING] Failed parsing 'srcset' attribute value since it has an unknown descriptor. @ https://dev.shwapno.com/_next/static/chunks/3jcs3_vbp6pk4.js:0
[    8125ms] [WARNING] Dropped srcset candidate "https://d2aea4j8cd78rk.cloudfront.net/images/689ee98e1f62b2a03a144b13_Untitled" @ https://dev.shwapno.com/_next/static/chunks/3jcs3_vbp6pk4.js:0
[    8125ms] [WARNING] Failed parsing 'srcset' attribute value since it has an unknown descriptor. @ https://dev.shwapno.com/_next/static/chunks/3jcs3_vbp6pk4.js:0
[    8125ms] [WARNING] Dropped srcset candidate "https://d2aea4j8cd78rk.cloudfront.net/images/689ee98e1f62b2a03a144b13_Untitled" @ https://dev.shwapno.com/_next/static/chunks/3jcs3_vbp6pk4.js:0
[    8125ms] [WARNING] Failed parsing 'srcset' attribute value since it has an unknown descriptor. @ https://dev.shwapno.com/_next/static/chunks/3jcs3_vbp6pk4.js:0
[    8125ms] [WARNING] Dropped srcset candidate "https://d2aea4j8cd78rk.cloudfront.net/images/689ee98e1f62b2a03a144b13_Untitled" @ https://dev.shwapno.com/_next/static/chunks/3jcs3_vbp6pk4.js:0
[    8125ms] [WARNING] Failed parsing 'srcset' attribute value since it has an unknown descriptor. @ https://dev.shwapno.com/_next/static/chunks/3jcs3_vbp6pk4.js:0
[    8125ms] [WARNING] Dropped srcset candidate "https://d2aea4j8cd78rk.cloudfront.net/images/689ee98e1f62b2a03a144b13_Untitled" @ https://dev.shwapno.com/_next/static/chunks/3jcs3_vbp6pk4.js:0
[    8125ms] [WARNING] Failed parsing 'srcset' attribute value since it has an unknown descriptor. @ https://dev.shwapno.com/_next/static/chunks/3jcs3_vbp6pk4.js:0
[    8125ms] [WARNING] Dropped srcset candidate "https://d2aea4j8cd78rk.cloudfront.net/images/689ee98e1f62b2a03a144b13_Untitled" @ https://dev.shwapno.com/_next/static/chunks/3jcs3_vbp6pk4.js:0
[    8125ms] [WARNING] Failed parsing 'srcset' attribute value since it has an unknown descriptor. @ https://dev.shwapno.com/_next/static/chunks/3jcs3_vbp6pk4.js:0
[    8125ms] [WARNING] Dropped srcset candidate "https://d2aea4j8cd78rk.cloudfront.net/images/689ee98e1f62b2a03a144b13_Untitled" @ https://dev.shwapno.com/_next/static/chunks/3jcs3_vbp6pk4.js:0
[    8126ms] [WARNING] Failed parsing 'srcset' attribute value since it has an unknown descriptor. @ https://dev.shwapno.com/_next/static/chunks/3jcs3_vbp6pk4.js:0
[    8126ms] [WARNING] Dropped srcset candidate "https://d2aea4j8cd78rk.cloudfront.net/images/689ee98e1f62b2a03a144b13_Untitled" @ https://dev.shwapno.com/_next/static/chunks/3jcs3_vbp6pk4.js:0
[    8126ms] [WARNING] Failed parsing 'srcset' attribute value since it has an unknown descriptor. @ https://dev.shwapno.com/_next/static/chunks/3jcs3_vbp6pk4.js:0
[    8126ms] [WARNING] Dropped srcset candidate "https://d2aea4j8cd78rk.cloudfront.net/images/689ee98e1f62b2a03a144b13_Untitled" @ https://dev.shwapno.com/_next/static/chunks/3jcs3_vbp6pk4.js:0
[    8126ms] [WARNING] Failed parsing 'srcset' attribute value since it has an unknown descriptor. @ https://dev.shwapno.com/_next/static/chunks/3jcs3_vbp6pk4.js:0
[    8126ms] [WARNING] Dropped srcset candidate "https://d2aea4j8cd78rk.cloudfront.net/images/689ee98e1f62b2a03a144b13_Untitled" @ https://dev.shwapno.com/_next/static/chunks/3jcs3_vbp6pk4.js:0
[    8126ms] [WARNING] Failed parsing 'srcset' attribute value since it has an unknown descriptor. @ https://dev.shwapno.com/_next/static/chunks/3jcs3_vbp6pk4.js:0
[    8126ms] [WARNING] Dropped srcset candidate "https://d2aea4j8cd78rk.cloudfront.net/images/689ee98e1f62b2a03a144b13_Untitled" @ https://dev.shwapno.com/_next/static/chunks/3jcs3_vbp6pk4.js:0
[    8126ms] [WARNING] Failed parsing 'srcset' attribute value since it has an unknown descriptor. @ https://dev.shwapno.com/_next/static/chunks/3jcs3_vbp6pk4.js:0
[    8126ms] [WARNING] Dropped srcset candidate "https://d2aea4j8cd78rk.cloudfront.net/images/689ee98e1f62b2a03a144b13_Untitled" @ https://dev.shwapno.com/_next/static/chunks/3jcs3_vbp6pk4.js:0
[    8126ms] [WARNING] Failed parsing 'srcset' attribute value since it has an unknown descriptor. @ https://dev.shwapno.com/_next/static/chunks/3jcs3_vbp6pk4.js:0
[    8126ms] [WARNING] Dropped srcset candidate "https://d2aea4j8cd78rk.cloudfront.net/images/689ee98e1f62b2a03a144b13_Untitled" @ https://dev.shwapno.com/_next/static/chunks/3jcs3_vbp6pk4.js:0
[    8126ms] [WARNING] Failed parsing 'srcset' attribute value since it has an unknown descriptor. @ https://dev.shwapno.com/_next/static/chunks/3jcs3_vbp6pk4.js:0
[    8126ms] [WARNING] Dropped srcset candidate "https://d2aea4j8cd78rk.cloudfront.net/images/689ee98e1f62b2a03a144b13_Untitled" @ https://dev.shwapno.com/_next/static/chunks/3jcs3_vbp6pk4.js:0
[    8126ms] [WARNING] Failed parsing 'srcset' attribute value since it has an unknown descriptor. @ https://dev.shwapno.com/_next/static/chunks/3jcs3_vbp6pk4.js:0
[    8126ms] [WARNING] Dropped srcset candidate "https://d2aea4j8cd78rk.cloudfront.net/images/689ee98e1f62b2a03a144b13_Untitled" @ https://dev.shwapno.com/_next/static/chunks/3jcs3_vbp6pk4.js:0
